 Date;Receipt_number;Shop;Product;Quantity;Price for unit
02.11.2024 12:13;436209;АТБ;улочки 400 г Київхліб Малятко 1г п/ет;1;29.90
02.11.2024 12:13;436209;АТБ;Булочки 400 г Київхліб Малятко 1г п/ет;1;29.90
02.11.2024 12:13;436209;АТБ;Серветки кoсметичні 100+50 шт Своя лінія універс;2;28.90
02.11.2024 12:13;436209;АТБ;Філе курчат-бройлерів Чебатурочка охолоджене газ;0.652;152.99
02.11.2024 12:13;436209;АТБ;Банан 1гат;0.838;55.95
02.11.2024 12:13;436209;АТБ;Мило туалетне тверде 90 г Teo в асортименті  к/у;1;25.80
02.11.2024 12:13;436209;АТБ;Вологий туалетний папір 50 шт Своя лінія алое/Ki;1;27.90
02.11.2024 12:13;436209;АТБ;Сир кисломолочний 350 г Білоцерківський 9% п/ет;1;82.30
02.11.2024 12:29;Mx9uLCIp1-E;Фора;Сир180КислЯготин5%Фп;2;31.90
02.11.2024 12:29;Mx9uLCIp1-E;Фора;Кріп70Пуч;1;21.90
03.11.2024 15:45;cAo_GVkl_Kw;Фора;КапустаКгПекінсРання;0.74;59.90
03.11.2024 15:45;cAo_GVkl_Kw;Фора;Пал360КрабВодСвОхол;1;94.90
03.11.2024 15:45;cAo_GVkl_Kw;Фора;Бул300ПлетенкКрихтКу;1;27.80
03.11.2024 15:45;cAo_GVkl_Kw;Фора;АРТ.№ 724399 Суш420КиївхлКиївська;1;43.90
03.11.2024 15:45;cAo_GVkl_Kw;Фора;АРТ.№ 759416 Шпинат75Бебі;1;59.90
03.11.2024 15:45;cAo_GVkl_Kw;Фора;АРТ.№ 444707 Лаваш220КиївхлібВірм;1;31.50
03.11.2024 15:45;cAo_GVkl_Kw;Фора;АРТ.№ 933511 Помід400DawtЧищЦіл;1;54.90
03.11.2024 15:45;cAo_GVkl_Kw;Фора;АРТ.№ 871874 Масл180БілоЕкстр82%;1;89.90
03.11.2024 15:45;cAo_GVkl_Kw;Фора;АРТ.№ 32550 ЛимонКг;0.106;59.90
03.11.2024 15:45;cAo_GVkl_Kw;Фора;АРТ.№ 181642 Яйце10ЯсенсвСпрВелС0;1;66.70
03.11.2024 15:45;cAo_GVkl_Kw;Фора;АРТ.№ 602921 Тісто500РудьЛисткове;1;49.90
03.11.2024 15:45;cAo_GVkl_Kw;Фора;АРТ.№ 602929 Тісто500РудьЛистДріж;1;49.90
05.11.2024 18:35;A9dVg9T2tCE;Фора;АРТ.№ 889654 Пак37*60*50ФораСеред;1;5.00
05.11.2024 18:35;A9dVg9T2tCE;Фора;АРТ.№ 133868 Печ450КонтиБуратГор;1;65.00
05.11.2024 18:35;A9dVg9T2tCE;Фора;АРТ.№ 249962 Солом100КиївхлібСоло;1;14.90
05.11.2024 18:35;A9dVg9T2tCE;Фора;АРТ.№ 830987 Сос275ГлобинНямІндВг;1;89.90
05.11.2024 18:35;A9dVg9T2tCE;Фора;АРТ.№ 955886 Сочев0,5FavorЧервона;1;53.90
05.11.2024 18:35;A9dVg9T2tCE;Фора;АРТ.№ 845233 Баг150ЧасниковийФора;1;19.90
08.11.2024 17:16;O7KV15MABSg        ;Фора;АРТ.№ 807525 КурКгФілеНРСУЛоток;1.061;165.00
08.11.2024 17:16;O7KV15MABSg        ;Фора;АРТ.№ 940934 Олив300HelcomЛосос;1;59.90
08.11.2024 17:16;O7KV15MABSg        ;Фора;АРТ.№ 857555 Сир220PresТвТр5%Ван;1;56.90
08.11.2024 17:16;O7KV15MABSg        ;Фора;АРТ.№ 923529 Сир180ФермМоцЧедер45;1;54.90
08.11.2024 17:16;O7KV15MABSg        ;Фора;АРТ.№ 32887 ПерецьКгЧервоний;0.476;129.00
08.11.2024 17:16;O7KV15MABSg        ;Фора;АРТ.№ 538208 АвокадоШтReadyToEat;1;74.90
08.11.2024 17:16;O7KV15MABSg        ;Фора;АРТ.№ 916034 Сал75ПучСвіжРукШпин;1;64.90
08.11.2024 17:16;O7KV15MABSg        ;Фора;АРТ.№ 686029 Печ185RoshДКавиПрМол;1;19.29
08.11.2024 17:16;O7KV15MABSg        ;Фора;АРТ.№ 719788 М-з300ТорчЄвроп72%;1;36.40
08.11.2024 17:16;O7KV15MABSg        ;Фора;АРТ.№ 29055 Ш.100KinderT8;1;74.20
08.11.2024 17:16;O7KV15MABSg        ;Фора;АРТ.№ 836544 Паст15АлексГранЯбл;2;11.50
08.11.2024 17:16;O7KV15MABSg        ;Фора;АРТ.№ 947721 Шок90МолRoshWholHaz;1;47.90
09.11.2024 16:43;cpzLp_2p1a8;Фора;АРТ.№ 820105 Ікра500ВересКабПерч;1;94.50
09.11.2024 16:43;cpzLp_2p1a8;Фора;АРТ.№ 584230 Мол370ПерМККСгущ8,5%;3;74.90
09.11.2024 16:43;cpzLp_2p1a8;Фора;АРТ.№ 917884 Ананас565IbericШмСир;1;109.00
09.11.2024 16:43;cpzLp_2p1a8;Фора;АРТ.№ 540258 СалатШтАйсберг;1;69.90
09.11.2024 16:43;cpzLp_2p1a8;Фора;АРТ.№ 865925 Пал220КрабВодСвітЗам;2;49.90
09.11.2024 16:43;cpzLp_2p1a8;Фора;АРТ.№ 947721 Шок90МолRoshWholHaz;1;47.90
09.11.2024 16:43;cpzLp_2p1a8;Фора;АРТ.№ 495924 Томат250ЧеррГолубСер;2;74.90
09.11.2024 16:43;cpzLp_2p1a8;Фора;АРТ.№ 550269 Гірч130ТорчАмерикД/п;1;19.80
09.11.2024 16:43;cpzLp_2p1a8;Фора;АРТ.№ 943197 Круасан90СмМигд;1;29.90
09.11.2024 16:43;cpzLp_2p1a8;Фора;АРТ.№ 522838 Кріп70Пуч;1;21.90
09.11.2024 16:43;cpzLp_2p1a8;Фора;АРТ.№ 883976 Пахлава200БККМедова;1;84.90
10.11.2024 19:41;J6gD9GaFZ4s;Фора;АРТ.№ 181642 Яйце10ЯсенсвСпрВелС0;1;76.90
10.11.2024 19:41;J6gD9GaFZ4s;Фора;АРТ.№ 370658 ГрибиШамп450ЗелКрСв;1;69.90
10.11.2024 19:41;J6gD9GaFZ4s;Фора;АРТ.№ 947721 Шок90МолRoshWholHaz;1;47.90
10.11.2024 19:41;J6gD9GaFZ4s;Фора;АРТ.№ 950062 СирКгPatComtКамам60%;0.186;779.00
10.11.2024 19:41;J6gD9GaFZ4s;Фора;АРТ.№ 839545 Йог300МолБілБзЛак2.5;1;39.90
11.11.2024 16:39;cq6jOtuxdlE;Фора;АРТ.№ 929284 Рогал300КиївхСтудПос;1;25.90
11.11.2024 16:39;cq6jOtuxdlE;Фора;АРТ.№ 567970 Багет300BouЧіабата;1;29.90
13.11.2024 14:38;heQ8iql9n-U;Сільпо;АРТ.№ 890805 Чай100ChelNobHousOpa;1;99.00
13.11.2024 14:38;heQ8iql9n-U;Сільпо;1.000         x          99.00 =                   99.00 А;АРТ,№;cКосмКр
13.11.2024 14:38;heQ8iql9n-U;Сільпо;АРТ.№ 696967 Дис120ВатNicКосмКруг;2;29.99
13.11.2024 14:38;heQ8iql9n-U;Сільпо;2.000         x          29.99 =                   59.98 А;АРТ,№;атЛегСи
13.11.2024 14:38;heQ8iql9n-U;Сільпо;АРТ.№ 266448 Анан565ПрШматЛегСир;1;90.49
13.11.2024 14:38;heQ8iql9n-U;Сільпо;1.000         x          90.49 =                   90.49 А;АРТ,№;100%ЦПш
13.11.2024 14:38;heQ8iql9n-U;Сільпо;АРТ.№ 937763 Хл0,325ХБуд100%ЦПшен;1;26.99
13.11.2024 14:38;heQ8iql9n-U;Сільпо;1.000         x          26.99 =                   26.99 А;АРТ,№;4PЛосЖе
13.11.2024 14:38;heQ8iql9n-U;Сільпо;АРТ.№ 768742 Корм100КотC4PЛосЖел;2;14.99
13.11.2024 14:38;heQ8iql9n-U;Сільпо;2.000         x          14.99 =                   29.98 А;АРТ,№;ірСкВсН
13.11.2024 14:38;heQ8iql9n-U;Сільпо;АРТ.№ 890288 БастКгМГілФірСкВсНар;0.118;299.00
13.11.2024 14:38;heQ8iql9n-U;Сільпо;0.118         x        1299.00 =                  153.28 А;АРТ,№;tФорКре
13.11.2024 14:38;heQ8iql9n-U;Сільпо;АРТ.№ 927551 Корм85КотOptФорКремС;3;24.99
13.11.2024 14:38;heQ8iql9n-U;Сільпо;3.000         x          24.99 =                   74.97 А;АРТ,№;ХвСмСме
13.11.2024 14:38;heQ8iql9n-U;Сільпо;АРТ.№ 741690 Чип50KFunПлХвСмСмет;1;19.29
13.11.2024 14:38;heQ8iql9n-U;Сільпо;1.000         x          19.29 =                   19.29 А;АРТ,№;Фірм
13.11.2024 14:38;heQ8iql9n-U;Сільпо;АРТ.№ 723182 Сушки300БККФірм;1;41.59
13.11.2024 14:38;heQ8iql9n-U;Сільпо;1.000         x          41.59 =                   41.59 А;АРТ,№;УлБ/Лак
13.11.2024 14:38;heQ8iql9n-U;Сільпо;АРТ.№ 778675 Верш200НаЗдУлБ/Лак10;1;33.29
13.11.2024 14:38;heQ8iql9n-U;Сільпо;1.000         x          33.29 =                   33.29 А;АРТ,№;ТрісНат
13.11.2024 14:38;heQ8iql9n-U;Сільпо;АРТ.№ 895324 Печ115BangaТрісНатВ*;1;119.00
13.11.2024 14:38;heQ8iql9n-U;Сільпо;1.000         x         119.00 =                  119.00 А;АРТ,№;лак5Гор
13.11.2024 14:38;heQ8iql9n-U;Сільпо;АРТ.№ 607038 Бат40BakalЗлак5Горіх;1;23.99
13.11.2024 14:38;heQ8iql9n-U;Сільпо;1.000         x          23.99 =                   23.99 А;АРТ,№;oodЧерв
13.11.2024 14:38;heQ8iql9n-U;Сільпо;АРТ.№ 856892 Сочев500FeGoodЧервон;1;61.49
13.11.2024 14:38;heQ8iql9n-U;Сільпо;1.000         x          61.49 =                   61.49 А;АРТ,№;mGalLif
13.11.2024 14:38;heQ8iql9n-U;Сільпо;АРТ.№ 907933 Ц.70RoshYGumGalLife;1;35.49
13.11.2024 14:38;heQ8iql9n-U;Сільпо;1.000         x          35.49 =                   35.49 А;АРТ,№;кладСуд
13.11.2024 14:38;heQ8iql9n-U;Сільпо;АРТ.№ 538471 ЖурналЛізаСкладСудок;1;48.99
13.11.2024 14:38;heQ8iql9n-U;Сільпо;1.000         x          48.99 =                   48.99 Б;АРТ,№;ло 180 
14.11.2024 11:48;362680;АТБ;АРТ.№ 00000000000269 Масло 180 г Комо солодко веpшкове безлактозне 73%;1;97.70
14.11.2024 11:48;362680;АТБ;1.000         x          97.70 =                   97.70 А;АРТ,№;ло 180 
14.11.2024 11:48;362680;АТБ;АРТ.№ 00000000000269 Масло 180 г Комо солодко веpшкове безлактозне 73%;1;97.70
14.11.2024 11:48;362680;АТБ;1.000         x          97.70 =                   97.70 А;АРТ,№;шка 170
14.11.2024 11:48;362680;АТБ;АРТ.№ 00000000000257 Плюшка 170г З цукpом (ФТ) без/уп ГП;1;20.90
14.11.2024 11:48;362680;АТБ;1.000         x          20.90 =                   20.90 А;АРТ,№;,виp, 0
14.11.2024 11:48;362680;АТБ;АРТ.№ 00000000000270 Мак.виp. 0,5кг De Luxe F oods&Goods Selected Бант;1;53.90
14.11.2024 11:48;362680;АТБ;1.000         x          53.90 =                   53.90 А;АРТ,№;ChocSna
15.11.2024 16:18;1GhwtMkQpYI        ;Траш;АРТ.№ 868166 Тіст29MilkaChocSnack;2;24.29
15.11.2024 16:18;1GhwtMkQpYI        ;Траш;2.000         x          24.29 =                   48.58 А;АРТ,№;амБЛакП
15.11.2024 16:18;1GhwtMkQpYI        ;Траш;АРТ.№ 922781 СирКгНСівФламБЛакП45;0.178;469.00
15.11.2024 16:18;1GhwtMkQpYI        ;Траш;0.178         x         469.00 =                   83.48 А;АРТ,№;вХлМаля
15.11.2024 16:18;1GhwtMkQpYI        ;Траш;АРТ.№ 493492 Булоч250КиївХлМалят;1;24.99
15.11.2024 16:18;1GhwtMkQpYI        ;Траш;1.000         x          24.99 =                   24.99 А;АРТ,№;нецьМак
15.11.2024 16:18;1GhwtMkQpYI        ;Траш;АРТ.№ 856756 Зав350Рум'янецьМак;1;64.99
15.11.2024 16:18;1GhwtMkQpYI        ;Траш;1.000         x          64.99 =                   64.99 А;АРТ,№;рСмВлас
15.11.2024 16:18;1GhwtMkQpYI        ;Траш;АРТ.№ 753988 Паст70ТомКорСмВлас25;3;15.99
15.11.2024 16:18;1GhwtMkQpYI        ;Траш;3.000         x          15.99 =                   47.97 А;АРТ,№;вхлібСо
15.11.2024 16:18;1GhwtMkQpYI        ;Траш;АРТ.№ 249962 Солом100КиївхлібСоло;1;14.89
15.11.2024 16:18;1GhwtMkQpYI        ;Траш;1.000         x          14.89 =                   14.89 А;АРТ,№;в
15.11.2024 16:18;1GhwtMkQpYI        ;Траш;АРТ.№ 24294 ПапТуалОбухів;2;11.69
15.11.2024 16:18;1GhwtMkQpYI        ;Траш;2.000         x          11.69 =                   23.38 А;АРТ,№;niyaMix
15.11.2024 16:18;1GhwtMkQpYI        ;Траш;АРТ.№ 945878 Н-р500ПечToniyaMix№5;1;69.99
15.11.2024 16:18;1GhwtMkQpYI        ;Траш;1.000         x          69.99 =                   69.99 А;АРТ,№;ІкТрісP
15.11.2024 16:18;1GhwtMkQpYI        ;Траш;АРТ.№ 809572 Прод80ВодСвІкТрісPat;1;33.90
15.11.2024 16:18;1GhwtMkQpYI        ;Траш;1.000         x          33.90 =                   33.90 А;АРТ,№;овЧ2Шар
15.11.2024 16:18;1GhwtMkQpYI        ;Траш;АРТ.№ 581885 Серв150ПапПовЧ2ШарПЕ;2;29.99
15.11.2024 16:18;1GhwtMkQpYI        ;Траш;2.000         x          29.99 =                   59.98 А;АРТ,№;ів 5 г 
16.11.2024 14:38;106239;АТБ;АРТ.№ 171 Ласощі для котів 5 г CLUB 4 PAWS Преміум М'ясна;9;10.80
16.11.2024 14:38;106239;АТБ;9.000         x          10.80 =                   97.20 А;АРТ,№;ворит с
16.11.2024 14:38;106239;АТБ;АРТ.№ 227 Масло 180 г Фаворит солодковершкове екстра 82,5%;1;78.30
16.11.2024 14:38;106239;АТБ;1.000         x          78.30 =                   78.30 А;     ;
16.11.2024 14:38;106239;АТБ;        Дисконт: 3.91;АРТ,№;ворит с
16.11.2024 14:38;106239;АТБ;АРТ.№ 227 Масло 180 г Фаворит солодковершкове екстра 82,5%;1;78.30
16.11.2024 14:38;106239;АТБ;1.000         x          78.30 =                   78.30 А;     ;
16.11.2024 14:38;106239;АТБ;        Дисконт: 3.91;АРТ,№;B 4 PAW
16.11.2024 14:38;106239;АТБ;АРТ.№ 881 Корм 300 г CLUB 4 PAWS Преміум Селекшн сухий пов;1;67.90
16.11.2024 14:38;106239;АТБ;1.000         x          67.90 =                   67.90 А;     ;
16.11.2024 14:38;106239;АТБ;        Дисконт: 3.39;АРТ,№;Millenn
16.11.2024 14:38;106239;АТБ;АРТ.№ 882 Шоколад 110 г Millennium Gold молочний із мигдал;1;67.90
16.11.2024 14:38;106239;АТБ;1.000         x          67.90 =                   67.90 А;     ;
16.11.2024 14:38;106239;АТБ;        Дисконт: 3.39;АРТ,№; Kinder
16.11.2024 14:38;106239;АТБ;АРТ.№ 883 Батончик 100 г Kinder Chocolate Т8 с молочним на;1;75.30
16.11.2024 14:38;106239;АТБ;1.000         x          75.30 =                   75.30 А;АРТ,№;ошен Nu
16.11.2024 14:38;106239;АТБ;АРТ.№ 746 Шоколад 90 г Рошен Nut молочний з цілими лісовим;1;54.90
16.11.2024 14:38;106239;АТБ;1.000         x          54.90 =                   54.90 А;     ;
16.11.2024 14:38;106239;АТБ;        Дисконт: 2.74;АРТ,№;а Чіпс 
16.11.2024 14:38;106239;АТБ;АРТ.№ 884 Чипси 75 г Зіба Чіпс банан м/уп;1;25.20
16.11.2024 14:38;106239;АТБ;1.000         x          25.20 =                   25.20 А;АРТ,№; De Lux
16.11.2024 14:38;106239;АТБ;АРТ.№ 369 Консерви 121 г De Luxe Foods & Goods Selected Пе;1;88.90
16.11.2024 14:38;106239;АТБ;1.000         x          88.90 =                   88.90 А;     ;
16.11.2024 14:38;106239;АТБ;        Дисконт: 18.00;АРТ,№; De Lux
16.11.2024 14:38;106239;АТБ;АРТ.№ 369 Консерви 121 г De Luxe Foods & Goods Selected Пе;1;88.90
16.11.2024 14:38;106239;АТБ;1.000         x          88.90 =                   88.90 А;     ;
16.11.2024 14:38;106239;АТБ;        Дисконт: 18.00;АРТ,№;ння уні
16.11.2024 14:38;106239;АТБ;АРТ.№ 885 Засіб для чищення унітазу 3х50 г Bref Сила Актив;1;130.20
16.11.2024 14:38;106239;АТБ;1.000         x         130.20 =                  130.20 А;АРТ,№;Мигд
16.11.2024 14:43;qLT_75S0XmQ        ;Фора;АРТ.№ 943197 Круасан90СмМигд;1;29.90
16.11.2024 14:43;qLT_75S0XmQ        ;Фора;1.000         x          29.90 =                   29.90 А;АРТ,№;омашЗак
16.11.2024 14:43;qLT_75S0XmQ        ;Фора;АРТ.№ 917619 Хл450КулинДомашЗакв;1;28.50
16.11.2024 14:43;qLT_75S0XmQ        ;Фора;1.000         x          28.50 =                   28.50 А;АРТ,№;
19.11.2024 16:42;KXUq1ngM0-o;Фора;АРТ.№ 522838 Кріп70Пуч;1;24.90
19.11.2024 16:42;KXUq1ngM0-o;Фора;1.000         x          24.90 =                   24.90 А;АРТ,№;омашЗак
19.11.2024 16:42;KXUq1ngM0-o;Фора;АРТ.№ 917619 Хл450КулинДомашЗакв;1;28.50
19.11.2024 16:42;KXUq1ngM0-o;Фора;1.000         x          28.50 =                   28.50 А;АРТ,№;aChocPe
19.11.2024 16:42;KXUq1ngM0-o;Фора;АРТ.№ 912466 Драж40Bim&BaChocPean;1;13.50
19.11.2024 16:42;KXUq1ngM0-o;Фора;1.000         x          13.50 =                   13.50 А;АРТ,№;Мигд
19.11.2024 16:42;KXUq1ngM0-o;Фора;АРТ.№ 943197 Круасан90СмМигд;2;29.90
19.11.2024 16:42;KXUq1ngM0-o;Фора;2.000         x          29.90 =                   59.80 А;АРТ,№;waDelux
19.11.2024 16:42;KXUq1ngM0-o;Фора;АРТ.№ 789875 Хуст10НосZewaDeluxe;1;7.90
19.11.2024 16:42;KXUq1ngM0-o;Фора;1.000         x           7.90 =                    7.90 А;АРТ,№;ойлерів
20.11.2024 14:16;110788;АТБ;АРТ.№ 218 Філе курчат-бройлерів Чебатурочка охолоджене газ;0.734;153.99
20.11.2024 14:16;110788;АТБ;0.734         x         153.99 =                  113.03 А;АРТ,№; 60 шт 
20.11.2024 14:16;110788;АТБ;АРТ.№ 95 Серветки вологі 60 шт Своя лінія антибактеріальн;1;25.90
20.11.2024 14:16;110788;АТБ;1.000         x          25.90 =                   25.90 А;АРТ,№;рчат-бр
20.11.2024 14:16;110788;АТБ;АРТ.№ 480 Філе стегна курчат-бройлерів Епікур охолоджене г;0.688;183.29
20.11.2024 14:16;110788;АТБ;0.688         x         183.29 =                  126.10 А;     ;
20.11.2024 14:16;110788;АТБ;        Дисконт: 6.30;АРТ,№;рчат-бр
20.11.2024 14:16;110788;АТБ;АРТ.№ 480 Філе стегна курчат-бройлерів Епікур охолоджене г;0.723;183.29
20.11.2024 14:16;110788;АТБ;0.723         x         183.29 =                  132.52 А;     ;
20.11.2024 14:16;110788;АТБ;        Дисконт: 6.62;АРТ,№; шт Ясе
20.11.2024 14:16;110788;АТБ;АРТ.№ 481 Яйце куряче 10 шт Ясенсвіт 1 категорії фас карт/;1;74.90
20.11.2024 14:16;110788;АТБ;1.000         x          74.90 =                   74.90 А;АРТ,№; Торчин
20.11.2024 14:16;110788;АТБ;АРТ.№ 28 Майонез 0,52 кг Торчин Європейський 72% д/пак;1;48.90
20.11.2024 14:16;110788;АТБ;1.000         x          48.90 =                   48.90 А;АРТ,№; Торчин
20.11.2024 14:16;110788;АТБ;АРТ.№ 28 Майонез 0,52 кг Торчин Європейський 72% д/пак;1;48.90
20.11.2024 14:16;110788;АТБ;1.000         x          48.90 =                   48.90 А;АРТ,№;уторок 
20.11.2024 14:16;110788;АТБ;АРТ.№ 56 Борошно 1 кг  Хуторок пшеничне вищий ґатунок б/у;1;24.90
20.11.2024 14:16;110788;АТБ;1.000         x          24.90 =                   24.90 А;АРТ,№;г De Lu
20.11.2024 14:16;110788;АТБ;АРТ.№ 203 Сир м'який 175г De Luxe Foods & Goods Selected в;1;76.90
20.11.2024 14:16;110788;АТБ;1.000         x          76.90 =                   76.90 А;АРТ,№;100 г Л
20.11.2024 14:16;110788;АТБ;АРТ.№ 482 Цукерки драже 100 г Любімов молочний Truff мигда;1;86.50
20.11.2024 14:16;110788;АТБ;1.000         x          86.50 =                   86.50 А;     ;
20.11.2024 14:16;110788;АТБ;        Дисконт: 32.60;АРТ,№;rapeza 
20.11.2024 14:16;110788;АТБ;АРТ.№ 483 Крупа 0,5 кг Trapeza Кус-кус м/уп;1;49.40
20.11.2024 14:16;110788;АТБ;1.000         x          49.40 =                   49.40 А;     ;
20.11.2024 14:16;110788;АТБ;        Дисконт: 2.47;АРТ,№; day's 
20.11.2024 14:16;110788;АТБ;АРТ.№ 484 Круасан 60 г 7 day's з кремом зі смаком ваніль м;1;26.90
20.11.2024 14:16;110788;АТБ;1.000         x          26.90 =                   26.90 А;АРТ,№;ові 10 
20.11.2024 14:16;110788;АТБ;АРТ.№ 369 Хустинки паперові 10 шт Розумний вибір двошарові;1;2.50
20.11.2024 14:16;110788;АТБ;1.000         x           2.50 =                    2.50 А;АРТ,№;ові 10 
20.11.2024 14:16;110788;АТБ;АРТ.№ 369 Хустинки паперові 10 шт Розумний вибір двошарові;1;2.50
20.11.2024 14:16;110788;АТБ;1.000         x           2.50 =                    2.50 А;АРТ,№;ові 10 
20.11.2024 14:16;110788;АТБ;АРТ.№ 369 Хустинки паперові 10 шт Розумний вибір двошарові;1;2.50
20.11.2024 14:16;110788;АТБ;1.000         x           2.50 =                    2.50 А;АРТ,№;ові 10 
20.11.2024 14:16;110788;АТБ;АРТ.№ 369 Хустинки паперові 10 шт Розумний вибір двошарові;1;2.50
20.11.2024 14:16;110788;АТБ;1.000         x           2.50 =                    2.50 А;АРТ,№;Sante G
20.11.2024 14:16;110788;АТБ;АРТ.№ 485 Батончик 50 г Sante Go On Vitamin кокосовий з Л-;1;22.70
20.11.2024 14:16;110788;АТБ;1.000         x          22.70 =                   22.70 А;АРТ,№;чПерсЯб
21.11.2024 17:48;QNbk-eNGoyk;Фора;АРТ.№ 928072 Сік0.95СадочПерсЯбл;1;47.90
21.11.2024 17:48;QNbk-eNGoyk;Фора;1.000         x          47.90 =                   47.90 А;АРТ,№;ДвірФас
21.11.2024 17:48;QNbk-eNGoyk;Фора;АРТ.№ 480826 Цукор1СитийДвірФасов;1;28.90
21.11.2024 17:48;QNbk-eNGoyk;Фора;1.000         x          28.90 =                   28.90 А;АРТ,№;вхСтудП
21.11.2024 17:48;QNbk-eNGoyk;Фора;АРТ.№ 929284 Рогал300КиївхСтудПос;1;25.90
21.11.2024 17:48;QNbk-eNGoyk;Фора;1.000         x          25.90 =                   25.90 А;АРТ,№;tЧищЦіл
21.11.2024 17:48;QNbk-eNGoyk;Фора;АРТ.№ 933511 Помід400DawtЧищЦіл;1;54.90
21.11.2024 17:48;QNbk-eNGoyk;Фора;1.000         x          54.90 =                   54.90 А;АРТ,№;МолГорі
21.11.2024 17:48;QNbk-eNGoyk;Фора;АРТ.№ 57579 Ш.100MilGoldМолГоріх;1;49.90
21.11.2024 17:48;QNbk-eNGoyk;Фора;1.000         x          49.90 =                   49.90 А;АРТ,№;ДодатМо
21.11.2024 17:48;QNbk-eNGoyk;Фора;АРТ.№ 581713 Ш.90MilkБезДодатМол;1;45.90
21.11.2024 17:48;QNbk-eNGoyk;Фора;1.000         x          45.90 =                   45.90 А;АРТ,№;готин9%
21.11.2024 17:48;QNbk-eNGoyk;Фора;АРТ.№ 913220 Сир180КислЯготин9%;2;32.90
21.11.2024 17:48;QNbk-eNGoyk;Фора;2.000         x          32.90 =                   65.80 А;АРТ,№;arКонс
21.11.2024 17:48;QNbk-eNGoyk;Фора;АРТ.№ 895353 Горош400JamarКонс;1;45.90
21.11.2024 17:48;QNbk-eNGoyk;Фора;1.000         x          45.90 =                   45.90 А;АРТ,№;лПшенНа
21.11.2024 17:48;QNbk-eNGoyk;Фора;АРТ.№ 959754 Бат250КиївхлПшенНар;1;15.40
21.11.2024 17:48;QNbk-eNGoyk;Фора;1.000         x          15.40 =                   15.40 А;АРТ,№;омашЗак
21.11.2024 17:48;QNbk-eNGoyk;Фора;АРТ.№ 917619 Хл450КулинДомашЗакв;1;28.50
21.11.2024 17:48;QNbk-eNGoyk;Фора;1.000         x          28.50 =                   28.50 А;АРТ,№;Лакт82,
21.11.2024 17:48;QNbk-eNGoyk;Фора;АРТ.№ 935468 Мас180ЯготБЛакт82,5%;1;109.00
21.11.2024 17:48;QNbk-eNGoyk;Фора;1.000         x         109.00 =                  109.00 А;АРТ,№;і
21.11.2024 17:48;QNbk-eNGoyk;Фора;АРТ.№ 759416 Шпинат75Бебі;1;64.90
21.11.2024 17:48;QNbk-eNGoyk;Фора;1.000         x          64.90 =                   64.90 А;АРТ,№;олдова
21.11.2024 17:48;QNbk-eNGoyk;Фора;АРТ.№ 527950 ВиноградКгМолдова;0.412;109.90
21.11.2024 17:48;QNbk-eNGoyk;Фора;0.412         x         109.90 =                   45.28 А;АРТ,№;жевий
21.11.2024 17:48;QNbk-eNGoyk;Фора;АРТ.№ 96251 ВиноградКгРожевий;0.376;99.90
21.11.2024 17:48;QNbk-eNGoyk;Фора;0.376         x          99.90 =                   37.56 А;АРТ,№;кладний
21.11.2024 17:48;QNbk-eNGoyk;Фора;АРТ.№ 890999 ПакетБіорозкладний;2;1.20
21.11.2024 17:48;QNbk-eNGoyk;Фора;2.000         x           1.20 =                    2.40 А;АРТ,№;Київхлі
23.11.2024 15:37;83094;АТБ;АРТ.№ 804 Булочки 400 г Київхліб Малятко 1г п/ет;1;29.90
23.11.2024 15:37;83094;АТБ;1.000         x          29.90 =                   29.90 А;АРТ,№; кг Сил
23.11.2024 15:37;83094;АТБ;АРТ.№ 658 Пластівці 0,72 кг Сила Геркулеса Екстра Вівсяні;1;50.90
23.11.2024 15:37;83094;АТБ;1.000         x          50.90 =                   50.90 А;АРТ,№;inder Ш
23.11.2024 15:37;83094;АТБ;АРТ.№ 329 Шоколад 50 г Kinder Шоколад Т4 к/уп;1;37.80
23.11.2024 15:37;83094;АТБ;1.000         x          37.80 =                   37.80 А;     ;
23.11.2024 15:37;83094;АТБ;        Дисконт: 1.89;АРТ,№; 14 г W
23.11.2024 15:37;83094;АТБ;АРТ.№ 805 Жувальна гумка 14 г Wrigley's Orbit Білосніжний;1;17.90
23.11.2024 15:37;83094;АТБ;1.000         x          17.90 =                   17.90 А;АРТ,№;омашЗак
23.11.2024 15:41;4bwnzDEl84c;Фора;АРТ.№ 917619 Хл450КулинДомашЗакв;1;28.50
23.11.2024 15:41;4bwnzDEl84c;Фора;1.000         x          28.50 =                   28.50 А;АРТ,№;течка Т
25.11.2024 14:28;207300;Рошен;АРТ.№ 00000000000316 Тістечка Тарт лимонні кг;0.316;399.90
25.11.2024 14:28;207300;Рошен;0.316         x         399.90 =                  126.37 А;АРТ,№;течка П
25.11.2024 14:28;207300;Рошен;АРТ.№ 00000000000392 Тістечка Профітроль кок осовий;0.13;399.50
25.11.2024 14:28;207300;Рошен;0.130         x         399.50 =                   51.94 А;АРТ,№;течка Т
25.11.2024 14:28;207300;Рошен;АРТ.№ 00000000000316 Тістечка Тарт лимонні кг;0.15;399.90
25.11.2024 14:28;207300;Рошен;0.150         x         399.90 =                   59.99 А;АРТ,№;ет вели
25.11.2024 14:28;207300;Рошен;АРТ.№ 00000000000009 Пакет великий 50мкм;1;5.00
25.11.2024 14:28;207300;Рошен;1.000         x           5.00 =                    5.00 А;АРТ,№;mi Gumm
25.11.2024 14:28;207300;Рошен;АРТ.№ 00000077636356 Yummi Gummi Galaxy Life 70г /22ш;3;18.45
25.11.2024 14:28;207300;Рошен;3.000         x          18.45 =                   55.35 А;АРТ,№;одСвітЗ
26.11.2024 15:17;vOCce55PL00        ;Траш;АРТ.№ 922636 Пал180КрабВодСвітЗам;1;74.99
26.11.2024 15:17;vOCce55PL00        ;Траш;1.000         x          74.99 =                   74.99 А;АРТ,№;СтегОхМ
26.11.2024 15:17;vOCce55PL00        ;Траш;АРТ.№ 778085 ФілКгЕпікурСтегОхМ/л;1.264;199.00
26.11.2024 15:17;vOCce55PL00        ;Траш;1.264         x         199.00 =                  251.54 А;АРТ,№;інська
26.11.2024 15:17;vOCce55PL00        ;Траш;АРТ.№ 32586 КапустаКгПекінська;0.75;48.20
26.11.2024 15:17;vOCce55PL00        ;Траш;0.750         x          48.20 =                   36.15 А;АРТ,№;улугЧед
26.11.2024 15:17;vOCce55PL00        ;Траш;АРТ.№ 923527 Сир180ФермСулугЧед45;1;62.90
26.11.2024 15:17;vOCce55PL00        ;Траш;1.000         x          62.90 =                   62.90 А;АРТ,№;o
26.11.2024 15:17;vOCce55PL00        ;Траш;АРТ.№ 2007 Ц.150Raffaello;1;175.00
26.11.2024 15:17;vOCce55PL00        ;Траш;1.000         x         175.00 =                  175.00 А;АРТ,№;гдМолТр
26.11.2024 15:17;vOCce55PL00        ;Траш;АРТ.№ 872072 Ц.100MillМигдМолТрюф;1;109.00
26.11.2024 15:17;vOCce55PL00        ;Траш;1.000         x         109.00 =                  109.00 А;АРТ,№;инМініЦ
26.11.2024 15:17;vOCce55PL00        ;Траш;АРТ.№ 972102 Лав10*18КулинМініЦіл;1;29.99
26.11.2024 15:17;vOCce55PL00        ;Траш;1.000         x          29.99 =                   29.99 А;АРТ,№;МолГорі
26.11.2024 15:17;vOCce55PL00        ;Траш;АРТ.№ 57579 Ш.100MilGoldМолГоріх;1;49.99
26.11.2024 15:17;vOCce55PL00        ;Траш;1.000         x          49.99 =                   49.99 А;АРТ,№;арцШоко
30.11.2024 14:25;mr-3Ij5D4Uo;Фора;АРТ.№ 673366 Бат100ZentМарцШокол;1;44.90
30.11.2024 14:25;mr-3Ij5D4Uo;Фора;1.000         x          44.90 =                   44.90 А;АРТ,№;ТрюфКак
30.11.2024 14:25;mr-3Ij5D4Uo;Фора;АРТ.№ 915805 Ц.175CornelТрюфКакао;1;89.90
30.11.2024 14:25;mr-3Ij5D4Uo;Фора;1.000         x          89.90 =                   89.90 А;АРТ,№;омашЗак
30.11.2024 14:25;mr-3Ij5D4Uo;Фора;АРТ.№ 917619 Хл450КулинДомашЗакв;1;28.50
30.11.2024 14:25;mr-3Ij5D4Uo;Фора;1.000         x          28.50 =                   28.50 А;АРТ,№;мМорСіл
30.11.2024 14:25;mr-3Ij5D4Uo;Фора;АРТ.№ 729556 Хлібц100ПремМорСіль;1;27.90
30.11.2024 14:25;mr-3Ij5D4Uo;Фора;1.000         x          27.90 =                   27.90 А;АРТ,№;ТорчКла
30.11.2024 14:25;mr-3Ij5D4Uo;Фора;АРТ.№ 739098 Соус500СоєвТорчКлас;1;70.80
30.11.2024 14:25;mr-3Ij5D4Uo;Фора;1.000         x          70.80 =                   70.80 А;АРТ,№;вХлМаля
30.11.2024 14:25;mr-3Ij5D4Uo;Фора;АРТ.№ 493492 Булоч250КиївХлМалят;1;17.90
30.11.2024 14:25;mr-3Ij5D4Uo;Фора;1.000         x          17.90 =                   17.90 А;АРТ,№;лавБілР
30.11.2024 14:25;mr-3Ij5D4Uo;Фора;АРТ.№ 702728 Зеф240БогуславБілРож;1;42.90
30.11.2024 14:25;mr-3Ij5D4Uo;Фора;1.000         x          42.90 =                   42.90 А;АРТ,№;вхлібСо
30.11.2024 14:25;mr-3Ij5D4Uo;Фора;АРТ.№ 249962 Солом100КиївхлібСоло;1;13.40
30.11.2024 14:25;mr-3Ij5D4Uo;Фора;1.000         x          13.40 =                   13.40 А;АРТ,№;инМініС
30.11.2024 14:25;mr-3Ij5D4Uo;Фора;АРТ.№ 972101 Лав10*18КулинМініСир;1;31.90
30.11.2024 14:25;mr-3Ij5D4Uo;Фора;1.000         x          31.90 =                   31.90 А;АРТ,№;adyToEa
30.11.2024 14:25;mr-3Ij5D4Uo;Фора;АРТ.№ 538208 АвокадоШтReadyToEat;2;74.90
30.11.2024 14:25;mr-3Ij5D4Uo;Фора;2.000         x          74.90 =                  149.80 А;АРТ,№;і
30.11.2024 14:25;mr-3Ij5D4Uo;Фора;АРТ.№ 759416 Шпинат75Бебі;1;64.90
30.11.2024 14:25;mr-3Ij5D4Uo;Фора;1.000         x          64.90 =                   64.90 А;АРТ,№;aChocPe
30.11.2024 14:25;mr-3Ij5D4Uo;Фора;АРТ.№ 912466 Драж40Bim&BaChocPean;1;11.50
30.11.2024 14:25;mr-3Ij5D4Uo;Фора;1.000         x          11.50 =                   11.50 А;АРТ,№;5 без/у
30.11.2024 14:36;93683;АТБ;АРТ.№ 118 Пакет п/е 45*65 без/уп;1;5.50
30.11.2024 14:36;93683;АТБ;1.000         x           5.50 =                    5.50 А;АРТ,№;inder Ш
30.11.2024 14:36;93683;АТБ;АРТ.№ 383 Шоколад 50 г Kinder Шоколад Т4 к/уп;1;37.80
30.11.2024 14:36;93683;АТБ;1.000         x          37.80 =                   37.80 А;     ;
30.11.2024 14:36;93683;АТБ;        Дисконт: 1.89;АРТ,№;inder Ш
30.11.2024 14:36;93683;АТБ;АРТ.№ 383 Шоколад 50 г Kinder Шоколад Т4 к/уп;1;37.80
30.11.2024 14:36;93683;АТБ;1.000         x          37.80 =                   37.80 А;     ;
30.11.2024 14:36;93683;АТБ;        Дисконт: 1.89;АРТ,№;inder Ш
30.11.2024 14:36;93683;АТБ;АРТ.№ 383 Шоколад 50 г Kinder Шоколад Т4 к/уп;1;37.80
30.11.2024 14:36;93683;АТБ;1.000         x          37.80 =                   37.80 А;     ;
30.11.2024 14:36;93683;АТБ;        Дисконт: 1.89;АРТ,№;лоцеркі
30.11.2024 14:36;93683;АТБ;АРТ.№ 384 Масло 180 г Білоцерківське солодковершкове екстр;1;109.30
30.11.2024 14:36;93683;АТБ;1.000         x         109.30 =                  109.30 А;АРТ,№;мо соло
30.11.2024 14:36;93683;АТБ;АРТ.№ 385 Масло 180 г Комо солодковершкове безлактозне 73%;1;97.70
30.11.2024 14:36;93683;АТБ;1.000         x          97.70 =                   97.70 А;АРТ,№;ворит с
30.11.2024 14:36;93683;АТБ;АРТ.№ 119 Масло 180 г Фаворит солодковершкове екстра 82,5%;1;99.40
30.11.2024 14:36;93683;АТБ;1.000         x          99.40 =                   99.40 А;АРТ,№;ворит с
30.11.2024 14:36;93683;АТБ;АРТ.№ 119 Масло 180 г Фаворит солодковершкове екстра 82,5%;1;99.40
30.11.2024 14:36;93683;АТБ;1.000         x          99.40 =                   99.40 А;АРТ,№;обино я
30.11.2024 14:36;93683;АТБ;АРТ.№ 386 Фарш 0,5 кг Глобино яловичий охолоджений газ/упа;1;119.70
30.11.2024 14:36;93683;АТБ;1.000         x         119.70 =                  119.70 А;АРТ,№; шт Ясе
30.11.2024 14:36;93683;АТБ;АРТ.№ 327 Яйце куряче 10 шт Ясенсвіт Справжні велетні вища;1;79.70
30.11.2024 14:36;93683;АТБ;1.000         x          79.70 =                   79.70 А;АРТ,№; De Lux
30.11.2024 14:36;93683;АТБ;АРТ.№ 387 Мак.вир. 0,5кг De Luxe Foods&Goods Selected Бант;1;53.90
30.11.2024 14:36;93683;АТБ;1.000         x          53.90 =                   53.90 А;АРТ,№;обино к
30.11.2024 14:36;93683;АТБ;АРТ.№ 388 Фарш 0,5 кг Глобино курячий охолоджений газ/упак;1;97.50
30.11.2024 14:36;93683;АТБ;1.000         x          97.50 =                   97.50 А;АРТ,№;ний 350
30.11.2024 14:36;93683;АТБ;АРТ.№ 389 Сир кисломолочний 350 г Білоцерківський 9% п/ет;1;86.30
30.11.2024 14:36;93683;АТБ;1.000         x          86.30 =                   86.30 А;АРТ,№;ний 350
30.11.2024 14:36;93683;АТБ;АРТ.№ 389 Сир кисломолочний 350 г Білоцерківський 9% п/ет;1;86.30
30.11.2024 14:36;93683;АТБ;1.000         x          86.30 =                   86.30 А;АРТ,№;ння уні
30.11.2024 14:36;93683;АТБ;АРТ.№ 390 Засіб для чищення унітазу 3х50 г Bref Сила Актив;1;130.20
30.11.2024 14:36;93683;АТБ;1.000         x         130.20 =                  130.20 А;АРТ,№;!18кг
01.12.2024 19:45;n7EI5B8nqR4;Треш;АРТ.№ 954026 ПакетThrash!18кг;1;5.99
01.12.2024 19:45;n7EI5B8nqR4;Треш;1.000         x           5.99 =                    5.99 А;АРТ,№;льцЛегС
01.12.2024 19:45;n7EI5B8nqR4;Треш;АРТ.№ 266447 Анан565ПрКільцЛегСир;2;69.99
01.12.2024 19:45;n7EI5B8nqR4;Треш;2.000         x          69.99 =                  139.98 А;АРТ,№;MaxКорС
01.12.2024 19:45;n7EI5B8nqR4;Треш;АРТ.№ 948607 Чип120Lay'sMaxКорСир;1;42.99
01.12.2024 19:45;n7EI5B8nqR4;Треш;1.000         x          42.99 =                   42.99 А;АРТ,№;ілШмШкС
01.12.2024 19:45;n7EI5B8nqR4;Треш;АРТ.№ 942881 Сьом150VelФілШмШкС/с;1;194.00
01.12.2024 19:45;n7EI5B8nqR4;Треш;1.000         x         194.00 =                  194.00 А;АРТ,№;кладний
01.12.2024 19:45;n7EI5B8nqR4;Треш;АРТ.№ 890999 ПакетБіорозкладний;1;1.20
01.12.2024 19:45;n7EI5B8nqR4;Треш;1.000         x           1.20 =                    1.20 А;АРТ,№;а
01.12.2024 19:45;n7EI5B8nqR4;Треш;АРТ.№ 142571 ЯблукоКгГала;0.84;32.90
01.12.2024 19:45;n7EI5B8nqR4;Треш;0.840         x          32.90 =                   27.64 А;АРТ,№;Чіф
01.12.2024 19:45;n7EI5B8nqR4;Треш;АРТ.№ 593870 ЯблукоКгРедЧіф;0.956;39.50
01.12.2024 19:45;n7EI5B8nqR4;Треш;0.956         x          39.50 =                   37.76 А;АРТ,№;амБЛакП
01.12.2024 19:45;n7EI5B8nqR4;Треш;АРТ.№ 922781 СирКгНСівФламБЛакП45;0.532;469.00
01.12.2024 19:45;n7EI5B8nqR4;Треш;0.532         x         469.00 =                  249.51 А;АРТ,№;аїнПучо
01.12.2024 19:45;n7EI5B8nqR4;Треш;АРТ.№ 921589 Кріп70ЗелКраїнПучок;1;21.90
01.12.2024 19:45;n7EI5B8nqR4;Треш;1.000         x          21.90 =                   21.90 А;АРТ,№;вхлібСо
01.12.2024 19:45;n7EI5B8nqR4;Треш;АРТ.№ 249962 Солом100КиївхлібСоло;1;14.89
01.12.2024 19:45;n7EI5B8nqR4;Треш;1.000         x          14.89 =                   14.89 А;АРТ,№;инМініЦ
01.12.2024 19:45;n7EI5B8nqR4;Треш;АРТ.№ 972102 Лав10*18КулинМініЦіл;1;29.99
01.12.2024 19:45;n7EI5B8nqR4;Треш;1.000         x          29.99 =                   29.99 А;АРТ,№;инМініС
01.12.2024 19:45;n7EI5B8nqR4;Треш;АРТ.№ 972101 Лав10*18КулинМініСир;1;29.99
01.12.2024 19:45;n7EI5B8nqR4;Треш;1.000         x          29.99 =                   29.99 А;АРТ,№;dМолМиг
01.12.2024 19:45;n7EI5B8nqR4;Треш;АРТ.№ 68491 Ш.100MillGoldМолМиг;1;49.99
01.12.2024 19:45;n7EI5B8nqR4;Треш;1.000         x          49.99 =                   49.99 А;АРТ,№;
02.12.2024 17:54;hcuoCcgCIbA        ;Фора;АРТ.№ 32485 БананКг;1.072;59.40
02.12.2024 17:54;hcuoCcgCIbA        ;Фора;1.072         x          59.40 =                   63.68 А;АРТ,№;СупМоні
02.12.2024 17:54;hcuoCcgCIbA        ;Фора;АРТ.№ 938168 Печ0,3DelicСупМонік;1;39.90
02.12.2024 17:54;hcuoCcgCIbA        ;Фора;1.000         x          39.90 =                   39.90 А;АРТ,№;омашЗак
02.12.2024 17:54;hcuoCcgCIbA        ;Фора;АРТ.№ 917619 Хл450КулинДомашЗакв;1;28.50
02.12.2024 17:54;hcuoCcgCIbA        ;Фора;1.000         x          28.50 =                   28.50 А;АРТ,№;cМигКрК
02.12.2024 17:54;hcuoCcgCIbA        ;Фора;АРТ.№ 918396 Ш.280RoshLacМигКрКул;1;99.90
02.12.2024 17:54;hcuoCcgCIbA        ;Фора;1.000         x          99.90 =                   99.90 А;АРТ,№;mGalLif
02.12.2024 17:54;hcuoCcgCIbA        ;Фора;АРТ.№ 907933 Ц.70RoshYGumGalLife;2;18.90
02.12.2024 17:54;hcuoCcgCIbA        ;Фора;2.000         x          18.90 =                   37.80 А;АРТ,№;isФрукА
02.12.2024 17:54;hcuoCcgCIbA        ;Фора;АРТ.№ 963461 Паст3*7AlexisФрукАс;1;47.90
02.12.2024 17:54;hcuoCcgCIbA        ;Фора;1.000         x          47.90 =                   47.90 А;АРТ,№;дПерсМ'
02.12.2024 17:54;hcuoCcgCIbA        ;Фора;АРТ.№ 555396 Сік200ЧудЧадПерсМ'як;1;15.20
02.12.2024 17:54;hcuoCcgCIbA        ;Фора;1.000         x          15.20 =                   15.20 А;АРТ,№;ЯблучН/
02.12.2024 17:54;hcuoCcgCIbA        ;Фора;АРТ.№ 617507 Сік0.2GalicЯблучН/о;1;16.30
02.12.2024 17:54;hcuoCcgCIbA        ;Фора;1.000         x          16.30 =                   16.30 А;АРТ,№;Мультиф
02.12.2024 17:54;hcuoCcgCIbA        ;Фора;АРТ.№ 848687 Сік0.2GalicМультифр;1;16.90
02.12.2024 17:54;hcuoCcgCIbA        ;Фора;1.000         x          16.90 =                   16.90 А;АРТ,№;і
02.12.2024 17:54;hcuoCcgCIbA        ;Фора;АРТ.№ 759416 Шпинат75Бебі;1;64.90
02.12.2024 17:54;hcuoCcgCIbA        ;Фора;1.000         x          64.90 =                   64.90 А;АРТ,№;aChocPe
02.12.2024 17:54;hcuoCcgCIbA        ;Фора;АРТ.№ 912466 Драж40Bim&BaChocPean;1;11.50
02.12.2024 17:54;hcuoCcgCIbA        ;Фора;1.000         x          11.50 =                   11.50 А;АРТ,№;МініКла
04.12.2024 15:25;0P0dWPyrPOE        ;Фора;АРТ.№ 972103 Лав10*18КулМініКлас;1;34.49
04.12.2024 15:25;0P0dWPyrPOE        ;Фора;1.000         x          34.49 =                   34.49 А;АРТ,№;орБезл1
04.12.2024 15:25;0P0dWPyrPOE        ;Фора;АРТ.№ 919637 Смет300НаЗдорБезл15%;3;56.90
04.12.2024 15:25;0P0dWPyrPOE        ;Фора;3.000         x          56.90 =                  170.70 А;АРТ,№;тичні 1
04.12.2024 15:35;113690;АТБ;АРТ.№ 374 Серветки кoсметичні 100+50 шт Своя лінія універс;1;29.50
04.12.2024 15:35;113690;АТБ;1.000         x          29.50 =                   29.50 А;АРТ,№;ний пап
04.12.2024 15:35;113690;АТБ;АРТ.№ 163 Вологий туалетний папір 50 шт Своя лінія алое/Ki;1;43.50
04.12.2024 15:35;113690;АТБ;1.000         x          43.50 =                   43.50 А;АРТ,№;ойлерів
04.12.2024 15:35;113690;АТБ;АРТ.№ 861 Філе курчат-бройлерів Чебатурочка охолоджене газ;0.804;197.99
04.12.2024 15:35;113690;АТБ;0.804         x         197.99 =                  159.18 А;АРТ,№; шт Ясе
04.12.2024 15:35;113690;АТБ;АРТ.№ 314 Яйце куряче 10 шт Ясенсвіт Справжні велетні вища;1;79.70
04.12.2024 15:35;113690;АТБ;1.000         x          79.70 =                   79.70 А;АРТ,№;й 1 шт 
04.12.2024 15:35;113690;АТБ;АРТ.№ 260 Папір туалетний 1 шт Обухів 65 б/уп;1;11.70
04.12.2024 15:35;113690;АТБ;1.000         x          11.70 =                   11.70 А;АРТ,№;й 1 шт 
04.12.2024 15:35;113690;АТБ;АРТ.№ 260 Папір туалетний 1 шт Обухів 65 б/уп;1;11.70
04.12.2024 15:35;113690;АТБ;1.000         x          11.70 =                   11.70 А;АРТ,№;й 1 шт 
04.12.2024 15:35;113690;АТБ;АРТ.№ 260 Папір туалетний 1 шт Обухів 65 б/уп;1;11.70
04.12.2024 15:35;113690;АТБ;1.000         x          11.70 =                   11.70 А;АРТ,№;й 1 шт 
04.12.2024 15:35;113690;АТБ;АРТ.№ 260 Папір туалетний 1 шт Обухів 65 б/уп;1;11.70
04.12.2024 15:35;113690;АТБ;1.000         x          11.70 =                   11.70 А;АРТ,№;й 1 шт 
04.12.2024 15:35;113690;АТБ;АРТ.№ 260 Папір туалетний 1 шт Обухів 65 б/уп;1;11.70
04.12.2024 15:35;113690;АТБ;1.000         x          11.70 =                   11.70 А;АРТ,№;й 1 шт 
04.12.2024 15:35;113690;АТБ;АРТ.№ 260 Папір туалетний 1 шт Обухів 65 б/уп;1;11.70
04.12.2024 15:35;113690;АТБ;1.000         x          11.70 =                   11.70 А;АРТ,№;тичні 1
04.12.2024 15:35;113690;АТБ;АРТ.№ 374 Серветки кoсметичні 100+50 шт Своя лінія універс;1;29.50
04.12.2024 15:35;113690;АТБ;1.000         x          29.50 =                   29.50 А;АРТ,№;єнічні 
04.12.2024 15:35;113690;АТБ;АРТ.№ 645 Прокладки гігієнічні 9шт Libresse Classic Protec;1;32.30
04.12.2024 15:35;113690;АТБ;1.000         x          32.30 =                   32.30 А;     ;
04.12.2024 15:35;113690;АТБ;        Дисконт: 1.62;АРТ,№;єнічні 
04.12.2024 15:35;113690;АТБ;АРТ.№ 862 Прокладки гігієнічні 9 шт Libresse Natural Care;1;48.90
04.12.2024 15:35;113690;АТБ;1.000         x          48.90 =                   48.90 А;АРТ,№;і 60 шт
04.12.2024 15:35;113690;АТБ;АРТ.№ 267 Серветки вологі 60 шт Своя лінія антибактеріальн;1;38.90
04.12.2024 15:35;113690;АТБ;1.000         x          38.90 =                   38.90 А;     ;
04.12.2024 15:35;113690;АТБ;        Дисконт: 13.00;АРТ,№;ний 350
04.12.2024 15:35;113690;АТБ;АРТ.№ 863 Сир кисломолочний 350 г Український 5% безлактоз;1;65.50
04.12.2024 15:35;113690;АТБ;1.000         x          65.50 =                   65.50 А;     ;
04.12.2024 15:35;113690;АТБ;        Дисконт: 3.27;АРТ,№;ний 350
04.12.2024 15:35;113690;АТБ;АРТ.№ 863 Сир кисломолочний 350 г Український 5% безлактоз;1;65.50
04.12.2024 15:35;113690;АТБ;1.000         x          65.50 =                   65.50 А;     ;
04.12.2024 15:35;113690;АТБ;        Дисконт: 3.27;АРТ,№;LOCK Se
04.12.2024 15:35;113690;АТБ;АРТ.№ 864 Чай 100 г SHERLOCK Sekrets Classic Bergamot чорн;1;74.60
04.12.2024 15:35;113690;АТБ;1.000         x          74.60 =                   74.60 А;     ;
04.12.2024 15:35;113690;АТБ;        Дисконт: 3.73;АРТ,№;LOCK Se
04.12.2024 15:35;113690;АТБ;АРТ.№ 864 Чай 100 г SHERLOCK Sekrets Classic Bergamot чорн;1;74.60
04.12.2024 15:35;113690;АТБ;1.000         x          74.60 =                   74.60 А;     ;
04.12.2024 15:35;113690;АТБ;        Дисконт: 3.73;АРТ,№;БКК Хру
04.12.2024 15:35;113690;АТБ;АРТ.№ 406 Соломка 100 г БКК Хрумтик солодка м/уп;1;13.90
04.12.2024 15:35;113690;АТБ;1.000         x          13.90 =                   13.90 А;АРТ,№;ельОриг
05.12.2024 16:49;uotAlQ7mt_k        ;Фора;АРТ.№ 586008 Ц.КгАВКТрюфельОригін;0.114;259.00
05.12.2024 16:49;uotAlQ7mt_k        ;Фора;0.114         x         259.00 =                   29.53 А;АРТ,№;армКокК
05.12.2024 16:49;uotAlQ7mt_k        ;Фора;АРТ.№ 749894 Ц.КгАВККорШармКокКр;0.042;339.00
05.12.2024 16:49;uotAlQ7mt_k        ;Фора;0.042         x         339.00 =                   14.24 А;АРТ,№;лотЛілі
05.12.2024 16:49;uotAlQ7mt_k        ;Фора;АРТ.№ 838433 Ц.КгKontiЗолотЛілія;0.116;179.00
05.12.2024 16:49;uotAlQ7mt_k        ;Фора;0.116         x         179.00 =                   20.76 А;АРТ,№;на
05.12.2024 16:49;uotAlQ7mt_k        ;Фора;АРТ.№ 17687 Ц.КгRoshЛіщина;0.12;354.00
05.12.2024 16:49;uotAlQ7mt_k        ;Фора;0.120         x         354.00 =                   42.48 А;АРТ,№;ілоРоже
05.12.2024 16:49;uotAlQ7mt_k        ;Фора;АРТ.№ 30386 ЗефКгБогуслБілоРожев;0.162;229.00
05.12.2024 16:49;uotAlQ7mt_k        ;Фора;0.162         x         229.00 =                   37.10 А;АРТ,№;онийМак
05.12.2024 16:49;uotAlQ7mt_k        ;Фора;АРТ.№ 17695 Ц.КгRoshЧервонийМак;0.132;354.00
05.12.2024 16:49;uotAlQ7mt_k        ;Фора;0.132         x         354.00 =                   46.73 А;АРТ,№;шка
05.12.2024 16:49;uotAlQ7mt_k        ;Фора;АРТ.№ 17697 Ц.КгRoshРомашка;0.156;212.00
05.12.2024 16:49;uotAlQ7mt_k        ;Фора;0.156         x         212.00 =                   33.07 А;АРТ,№;мПремЗа
05.12.2024 16:49;uotAlQ7mt_k        ;Фора;АРТ.№ 382172 Пак10*60Д/смПремЗат;1;46.90
05.12.2024 16:49;uotAlQ7mt_k        ;Фора;1.000         x          46.90 =                   46.90 А;АРТ,№;вхСтудП
05.12.2024 16:49;uotAlQ7mt_k        ;Фора;АРТ.№ 929284 Рогал300КиївхСтудПос;1;27.50
05.12.2024 16:49;uotAlQ7mt_k        ;Фора;1.000         x          27.50 =                   27.50 А;АРТ,№;омашЗак
05.12.2024 16:49;uotAlQ7mt_k        ;Фора;АРТ.№ 917619 Хл450КулинДомашЗакв;1;28.50
05.12.2024 16:49;uotAlQ7mt_k        ;Фора;1.000         x          28.50 =                   28.50 А;АРТ,№;rnellis
05.12.2024 16:49;uotAlQ7mt_k        ;Фора;АРТ.№ 930258 Шок100МолCornellis;1;74.90
05.12.2024 16:49;uotAlQ7mt_k        ;Фора;1.000         x          74.90 =                   74.90 А;АРТ,№;mGalLif
05.12.2024 16:49;uotAlQ7mt_k        ;Фора;АРТ.№ 907933 Ц.70RoshYGumGalLife;2;18.90
05.12.2024 16:49;uotAlQ7mt_k        ;Фора;2.000         x          18.90 =                   37.80 А;АРТ,№;кладний
05.12.2024 16:49;uotAlQ7mt_k        ;Фора;АРТ.№ 890999 ПакетБіорозкладний;2;1.20
05.12.2024 16:49;uotAlQ7mt_k        ;Фора;2.000         x           1.20 =                    2.40 А;АРТ,№;КурОхГп
08.12.2024 16:30;REHUfqdYj0s        ;Треш;АРТ.№ 875349 Фарш500ГлобКурОхГп;2;95.90
08.12.2024 16:30;REHUfqdYj0s        ;Треш;2.000         x          95.90 =                  191.80 А;АРТ,№;аїнПучо
08.12.2024 16:30;REHUfqdYj0s        ;Треш;АРТ.№ 921589 Кріп70ЗелКраїнПучок;1;21.90
08.12.2024 16:30;REHUfqdYj0s        ;Треш;1.000         x          21.90 =                   21.90 А;АРТ,№;вМоцПал
08.12.2024 16:30;REHUfqdYj0s        ;Треш;АРТ.№ 848683 Сир180НовСівМоцПал45;1;69.99
08.12.2024 16:30;REHUfqdYj0s        ;Треш;1.000         x          69.99 =                   69.99 А;АРТ,№;ошик
08.12.2024 16:30;REHUfqdYj0s        ;Треш;АРТ.№ 340212 КівіШтГолдКошик;1;50.90
08.12.2024 16:30;REHUfqdYj0s        ;Треш;1.000         x          50.90 =                   50.90 А;АРТ,№;амБЛакП
08.12.2024 16:30;REHUfqdYj0s        ;Треш;АРТ.№ 922781 СирКгНСівФламБЛакП45;0.558;369.00
08.12.2024 16:30;REHUfqdYj0s        ;Треш;0.558         x         369.00 =                  205.90 А;АРТ,№;міяГран
08.12.2024 16:30;REHUfqdYj0s        ;Треш;АРТ.№ 320505 Часник15ПреміяГранул;2;17.69
08.12.2024 16:30;REHUfqdYj0s        ;Треш;2.000         x          17.69 =                   35.38 А;АРТ,№;вхлібСо
08.12.2024 16:30;REHUfqdYj0s        ;Треш;АРТ.№ 249962 Солом100КиївхлібСоло;2;14.89
08.12.2024 16:30;REHUfqdYj0s        ;Треш;2.000         x          14.89 =                   29.78 А;АРТ,№;инМініС
08.12.2024 16:30;REHUfqdYj0s        ;Треш;АРТ.№ 972101 Лав10*18КулинМініСир;1;29.99
08.12.2024 16:30;REHUfqdYj0s        ;Треш;1.000         x          29.99 =                   29.99 А;АРТ,№;ФораМал
11.12.2024 18:16;qH8quCvB_CA        ;Фора;АРТ.№ 889656 Пак30*55*50ФораМал;1;4.00
11.12.2024 18:16;qH8quCvB_CA        ;Фора;1.000         x           4.00 =                    4.00 А;АРТ,№;гущен8,
11.12.2024 18:16;qH8quCvB_CA        ;Фора;АРТ.№ 650794 Мол290ПМККЗгущен8,5%;1;42.90
11.12.2024 18:16;qH8quCvB_CA        ;Фора;1.000         x          42.90 =                   42.90 А;АРТ,№;hWholHa
11.12.2024 18:16;qH8quCvB_CA        ;Фора;АРТ.№ 947721 Шок90МолRoshWholHaz;2;46.90
11.12.2024 18:16;qH8quCvB_CA        ;Фора;2.000         x          46.90 =                   93.80 А;АРТ,№;вТр5%Ва
11.12.2024 18:16;qH8quCvB_CA        ;Фора;АРТ.№ 857555 Сир220PresТвТр5%Ван;1;59.90
11.12.2024 18:16;qH8quCvB_CA        ;Фора;1.000         x          59.90 =                   59.90 А;АРТ,№;аголд
11.12.2024 18:16;qH8quCvB_CA        ;Фора;АРТ.№ 96128 ЯблукоКгДжонаголд;0.814;34.90
11.12.2024 18:16;qH8quCvB_CA        ;Фора;0.814         x          34.90 =                   28.41 А;АРТ,№;
11.12.2024 18:16;qH8quCvB_CA        ;Фора;АРТ.№ 32551 МандаринКг;0.588;79.90
11.12.2024 18:16;qH8quCvB_CA        ;Фора;0.588         x          79.90 =                   46.98 А;АРТ,№;елКрСві
11.12.2024 18:16;qH8quCvB_CA        ;Фора;АРТ.№ 575959 Шампінь300ЗелКрСвіжі;2;59.90
11.12.2024 18:16;qH8quCvB_CA        ;Фора;2.000         x          59.90 =                  119.80 А;АРТ,№;ошик
11.12.2024 18:16;qH8quCvB_CA        ;Фора;АРТ.№ 340212 КівіШтГолдКошик;1;54.90
11.12.2024 18:16;qH8quCvB_CA        ;Фора;1.000         x          54.90 =                   54.90 А;АРТ,№;adyToEa
11.12.2024 18:16;qH8quCvB_CA        ;Фора;АРТ.№ 538208 АвокадоШтReadyToEat;1;67.90
11.12.2024 18:16;qH8quCvB_CA        ;Фора;1.000         x          67.90 =                   67.90 А;АРТ,№;angaТрі
11.12.2024 18:16;qH8quCvB_CA        ;Фора;АРТ.№ 943467 Печінка121BangaТріск;1;99.90
11.12.2024 18:16;qH8quCvB_CA        ;Фора;1.000         x          99.90 =                   99.90 А;АРТ,№;МініКла
11.12.2024 18:16;qH8quCvB_CA        ;Фора;АРТ.№ 972103 Лав10*18КулМініКлас;1;31.90
11.12.2024 18:16;qH8quCvB_CA        ;Фора;1.000         x          31.90 =                   31.90 А;АРТ,№;15Добри
11.12.2024 18:16;qH8quCvB_CA        ;Фора;АРТ.№ 455912 РозпушТіста15Добрик;4;5.99
11.12.2024 18:16;qH8quCvB_CA        ;Фора;4.000         x           5.99 =                   23.96 А;АРТ,№;кладний
11.12.2024 18:16;qH8quCvB_CA        ;Фора;АРТ.№ 890999 ПакетБіорозкладний;2;1.20
11.12.2024 18:16;qH8quCvB_CA        ;Фора;2.000         x           1.20 =                    2.40 А;АРТ,№;КавиПрМ
12.12.2024 13:00;1g_SrOu-LFA ;Фора;АРТ.№ 686029 Печ185RoshДКавиПрМол;1;20.90
12.12.2024 13:00;1g_SrOu-LFA ;Фора;1.000         x          20.90 =                   20.90 А;АРТ,№;орБезл1
12.12.2024 13:00;1g_SrOu-LFA ;Фора;АРТ.№ 919637 Смет300НаЗдорБезл15%;2;59.90
12.12.2024 13:00;1g_SrOu-LFA ;Фора;2.000         x          59.90 =                  119.80 А;АРТ,№;вхлСоло
12.12.2024 13:00;1g_SrOu-LFA ;Фора;АРТ.№ 746480 Солом200КиївхлСолод;1;29.90
12.12.2024 13:00;1g_SrOu-LFA ;Фора;1.000         x          29.90 =                   29.90 А;АРТ,№;вхлібСо
12.12.2024 13:00;1g_SrOu-LFA ;Фора;АРТ.№ 249962 Солом100КиївхлібСоло;2;14.90
12.12.2024 13:00;1g_SrOu-LFA ;Фора;2.000         x          14.90 =                   29.80 А;АРТ,№;
12.12.2024 13:00;1g_SrOu-LFA ;Фора;АРТ.№ 638804 Ш.42БатNuts;1;32.30
12.12.2024 13:00;1g_SrOu-LFA ;Фора;1.000         x          32.30 =                   32.30 А;АРТ,№;Шокол62
12.12.2024 13:00;1g_SrOu-LFA ;Фора;АРТ.№ 840586 Масл180ФермШокол62.5;1;114.00
12.12.2024 13:00;1g_SrOu-LFA ;Фора;1.000         x         114.00 =                  114.00 А;АРТ,№;
12.12.2024 13:00;1g_SrOu-LFA ;Фора;АРТ.№ 29058 Ш.50KinderT4;1;40.40
12.12.2024 13:00;1g_SrOu-LFA ;Фора;1.000         x          40.40 =                   40.40 А;АРТ,№; Kinder
14.12.2024 15:13;118023;АТБ;АРТ.№ 852 Батончик 100 г Kinder Chocolate Т8 с молочним на;1;75.30
14.12.2024 15:13;118023;АТБ;1.000         x          75.30 =                   75.30 А;АРТ,№;0 шт Св
14.12.2024 15:13;118023;АТБ;АРТ.№ 655 Диски ватні 120 шт Своя Лінія косметичні м/уп;1;32.90
14.12.2024 15:13;118023;АТБ;1.000         x          32.90 =                   32.90 А;АРТ,№; шт Сво
14.12.2024 15:13;118023;АТБ;АРТ.№ 853 Яйце куряче 10 шт Своя лінія вища категорія фас;1;71.30
14.12.2024 15:13;118023;АТБ;1.000         x          71.30 =                   71.30 А;АРТ,№;estle N
14.12.2024 15:13;118023;АТБ;АРТ.№ 854 Цукерка 42 г Nestle Nuts м/уп;1;32.70
14.12.2024 15:13;118023;АТБ;1.000         x          32.70 =                   32.70 А;АРТ,№; 14г Ор
14.12.2024 15:13;118023;АТБ;АРТ.№ 271 Жувальна гумка 14г Орбіт White Малина-гранат м/у;1;17.90
14.12.2024 15:13;118023;АТБ;1.000         x          17.90 =                   17.90 А;АРТ,№;ня соль
14.12.2024 15:13;118023;АТБ;АРТ.№ 855 Елемент живлення сольовий 1,5V R03 AAA 4 шт м/уп;1;26.80
14.12.2024 15:13;118023;АТБ;1.000         x          26.80 =                   26.80 А;АРТ,№; для гp
14.12.2024 15:13;118023;АТБ;АРТ.№ 739 Кoвбaски 0,5кг для гpиля Глoбинo Часникові oхoлo;1;93.80
14.12.2024 15:13;118023;АТБ;1.000         x          93.80 =                   93.80 А;АРТ,№;
16.12.2024 16:55;Y-d-rGLxEXw ;Фора;АРТ.№ 32485 БананКг;1.054;56.90
16.12.2024 16:55;Y-d-rGLxEXw ;Фора;1.054         x          56.90 =                   59.97 А;АРТ,№;Екстр82
16.12.2024 16:55;Y-d-rGLxEXw ;Фора;АРТ.№ 871874 Масл180БілоЕкстр82%;2;92.90
16.12.2024 16:55;Y-d-rGLxEXw ;Фора;2.000         x          92.90 =                  185.80 А;АРТ,№;Лакт82,
16.12.2024 16:55;Y-d-rGLxEXw ;Фора;АРТ.№ 935468 Мас180ЯготБЛакт82,5%;1;122.00
16.12.2024 16:55;Y-d-rGLxEXw ;Фора;1.000         x         122.00 =                  122.00 А;АРТ,№;рокПшен
16.12.2024 16:55;Y-d-rGLxEXw ;Фора;АРТ.№ 97371 Борошно1ХуторокПшен;1;24.90
16.12.2024 16:55;Y-d-rGLxEXw ;Фора;1.000         x          24.90 =                   24.90 А;АРТ,№;нячі
16.12.2024 16:55;Y-d-rGLxEXw ;Фора;АРТ.№ 496788 Черева10Свинячі;1;68.29
16.12.2024 16:55;Y-d-rGLxEXw ;Фора;1.000         x          68.29 =                   68.29 А;АРТ,№;омашЗак
16.12.2024 16:55;Y-d-rGLxEXw ;Фора;АРТ.№ 917619 Хл450КулинДомашЗакв;1;32.90
16.12.2024 16:55;Y-d-rGLxEXw ;Фора;1.000         x          32.90 =                   32.90 А;АРТ,№;УлБ/Лак
16.12.2024 16:55;Y-d-rGLxEXw ;Фора;АРТ.№ 778675 Верш200НаЗдУлБ/Лак10;1;34.90
16.12.2024 16:55;Y-d-rGLxEXw ;Фора;1.000         x          34.90 =                   34.90 А;АРТ,№;орБезл1
16.12.2024 16:55;Y-d-rGLxEXw ;Фора;АРТ.№ 919637 Смет300НаЗдорБезл15%;1;59.90
16.12.2024 16:55;Y-d-rGLxEXw ;Фора;1.000         x          59.90 =                   59.90 А;АРТ,№;МініКла
16.12.2024 16:55;Y-d-rGLxEXw ;Фора;АРТ.№ 972103 Лав10*18КулМініКлас;1;31.90
16.12.2024 16:55;Y-d-rGLxEXw ;Фора;1.000         x          31.90 =                   31.90 А;АРТ,№;hWholHa
16.12.2024 16:55;Y-d-rGLxEXw ;Фора;АРТ.№ 947721 Шок90МолRoshWholHaz;1;46.90
16.12.2024 16:55;Y-d-rGLxEXw ;Фора;1.000         x          46.90 =                   46.90 А;АРТ,№;enBrut8
16.12.2024 16:55;Y-d-rGLxEXw ;Фора;АРТ.№ 861862 Ш.85ЧорRoshenBrut80%;1;49.90
16.12.2024 16:55;Y-d-rGLxEXw ;Фора;1.000         x          49.90 =                   49.90 А;АРТ,№;вхСтудП
16.12.2024 16:55;Y-d-rGLxEXw ;Фора;АРТ.№ 929284 Рогал300КиївхСтудПос;1;27.50
16.12.2024 16:55;Y-d-rGLxEXw ;Фора;1.000         x          27.50 =                   27.50 А;АРТ,№;ки
16.12.2024 16:55;Y-d-rGLxEXw ;Фора;АРТ.№ 17690 КарКгRoshРачки;0.244;174.00
16.12.2024 16:55;Y-d-rGLxEXw ;Фора;0.244         x         174.00 =                   42.46 А;АРТ,№;лотЛілі
16.12.2024 16:55;Y-d-rGLxEXw ;Фора;АРТ.№ 838433 Ц.КгKontiЗолотЛілія;0.152;179.00
16.12.2024 16:55;Y-d-rGLxEXw ;Фора;0.152         x         179.00 =                   27.21 А;АРТ,№;кладний
16.12.2024 16:55;Y-d-rGLxEXw ;Фора;АРТ.№ 890999 ПакетБіорозкладний;1;1.20
16.12.2024 16:55;Y-d-rGLxEXw ;Фора;1.000         x           1.20 =                    1.20 А;АРТ,№;!18кг
18.12.2024 16:43;OQUrOAmQStk;Треш;АРТ.№ 954026 ПакетThrash!18кг;1;5.99
18.12.2024 16:43;OQUrOAmQStk;Треш;1.000         x           5.99 =                    5.99 А;АРТ,№;бСвАпОх
18.12.2024 16:43;OQUrOAmQStk;Треш;АРТ.№ 875347 Ескал700ГлобСвАпОхГп;2;169.00
18.12.2024 16:43;OQUrOAmQStk;Треш;2.000         x         169.00 =                  338.00 А;АРТ,№;КурОхГп
18.12.2024 16:43;OQUrOAmQStk;Треш;АРТ.№ 875349 Фарш500ГлобКурОхГп;2;95.90
18.12.2024 16:43;OQUrOAmQStk;Треш;2.000         x          95.90 =                  191.80 А;АРТ,№;Екстр82
18.12.2024 16:43;OQUrOAmQStk;Треш;АРТ.№ 871874 Масл180БілоЕкстр82%;2;77.99
18.12.2024 16:43;OQUrOAmQStk;Треш;2.000         x          77.99 =                  155.98 А;АРТ,№;амБЛакП
18.12.2024 16:43;OQUrOAmQStk;Треш;АРТ.№ 922781 СирКгНСівФламБЛакП45;0.738;369.00
18.12.2024 16:43;OQUrOAmQStk;Треш;0.738         x         369.00 =                  272.32 А;АРТ,№;очкаС1
18.12.2024 16:43;OQUrOAmQStk;Треш;АРТ.№ 452276 Яйця10КурКвочкаС1;1;68.90
18.12.2024 16:43;OQUrOAmQStk;Треш;1.000         x          68.90 =                   68.90 А;АРТ,№;
18.12.2024 16:43;OQUrOAmQStk;Треш;АРТ.№ 32507 КівіШтКошик;1;69.00
18.12.2024 16:43;OQUrOAmQStk;Треш;1.000         x          69.00 =                   69.00 А;АРТ,№;кладний
18.12.2024 16:43;OQUrOAmQStk;Треш;АРТ.№ 890999 ПакетБіорозкладний;1;1.20
18.12.2024 16:43;OQUrOAmQStk;Треш;1.000         x           1.20 =                    1.20 А;АРТ,№;
18.12.2024 16:43;OQUrOAmQStk;Треш;АРТ.№ 34650 МоркваКг;1.336;24.90
18.12.2024 16:43;OQUrOAmQStk;Треш;1.336         x          24.90 =                   33.27 А;АРТ,№;ПечВ/гП
18.12.2024 16:43;OQUrOAmQStk;Треш;АРТ.№ 454667 Пашт120АланПечВ/гП/а;1;26.90
18.12.2024 16:43;OQUrOAmQStk;Треш;1.000         x          26.90 =                   26.90 А;АРТ,№;ссСтигл
18.12.2024 16:43;OQUrOAmQStk;Треш;АРТ.№ 838137 АвокадоШтХассСтиглий;1;49.90
18.12.2024 16:43;OQUrOAmQStk;Треш;1.000         x          49.90 =                   49.90 А;АРТ,№;аїнПучо
18.12.2024 16:43;OQUrOAmQStk;Треш;АРТ.№ 921589 Кріп70ЗелКраїнПучок;1;12.90
18.12.2024 16:43;OQUrOAmQStk;Треш;1.000         x          12.90 =                   12.90 А;АРТ,№;Korivka
18.12.2024 16:43;OQUrOAmQStk;Треш;АРТ.№ 687058 Ц.205RoshenKorivka;1;43.19
18.12.2024 16:43;OQUrOAmQStk;Треш;1.000         x          43.19 =                   43.19 А;АРТ,№;вхлібСо
18.12.2024 16:43;OQUrOAmQStk;Треш;АРТ.№ 249962 Солом100КиївхлібСоло;2;14.89
18.12.2024 16:43;OQUrOAmQStk;Треш;2.000         x          14.89 =                   29.78 А;АРТ,№;tКукКок
18.12.2024 16:43;OQUrOAmQStk;Треш;АРТ.№ 800304 Печ160BiscotКукКокос;1;33.49
18.12.2024 16:43;OQUrOAmQStk;Треш;1.000         x          33.49 =                   33.49 А;АРТ,№;NovCrMi
18.12.2024 16:43;OQUrOAmQStk;Треш;АРТ.№ 923546 Мил100RoyalNovCrMilk;1;39.99
18.12.2024 16:43;OQUrOAmQStk;Треш;1.000         x          39.99 =                   39.99 А;АРТ,№;!12кг
20.12.2024 19:18;2acIRq3wfW4        ;Треш;АРТ.№ 954025 ПакетThrash!12кг;1;4.29
20.12.2024 19:18;2acIRq3wfW4        ;Треш;1.000         x           4.29 =                    4.29 А;АРТ,№;атЛегСи
20.12.2024 19:18;2acIRq3wfW4        ;Треш;АРТ.№ 266448 Анан565ПрШматЛегСир;2;56.90
20.12.2024 19:18;2acIRq3wfW4        ;Треш;2.000         x          56.90 =                  113.80 А;АРТ,№;ДодатМо
20.12.2024 19:18;2acIRq3wfW4        ;Треш;АРТ.№ 581713 Ш.90MilkБезДодатМол;1;48.99
20.12.2024 19:18;2acIRq3wfW4        ;Треш;1.000         x          48.99 =                   48.99 А;АРТ,№;GNМигдК
20.12.2024 19:18;2acIRq3wfW4        ;Треш;АРТ.№ 876018 Ш.100МолMilGNМигдКур;2;46.99
20.12.2024 19:18;2acIRq3wfW4        ;Треш;2.000         x          46.99 =                   93.98 А;АРТ,№;&FЯблЕд
20.12.2024 19:18;2acIRq3wfW4        ;Треш;АРТ.№ 894058 З-б500ДПосW&FЯблЕдВ*;1;24.99
20.12.2024 19:18;2acIRq3wfW4        ;Треш;1.000         x          24.99 =                   24.99 А;АРТ,№;вхлібСо
20.12.2024 19:18;2acIRq3wfW4        ;Треш;АРТ.№ 249962 Солом100КиївхлібСоло;2;14.89
20.12.2024 19:18;2acIRq3wfW4        ;Треш;2.000         x          14.89 =                   29.78 А;АРТ,№;инМініЦ
20.12.2024 19:18;2acIRq3wfW4        ;Треш;АРТ.№ 972102 Лав10*18КулинМініЦіл;1;29.99
20.12.2024 19:18;2acIRq3wfW4        ;Треш;1.000         x          29.99 =                   29.99 А;АРТ,№;вроп72%
20.12.2024 19:18;2acIRq3wfW4        ;Треш;АРТ.№ 719788 М-з300ТорчЄвроп72%;1;34.99
20.12.2024 19:18;2acIRq3wfW4        ;Треш;1.000         x          34.99 =                   34.99 А;АРТ,№;мо соло
21.12.2024 12:31;99553;АТБ;АРТ.№ 606 Масло 180 г Комо солодковершкове безлактозне 73%;1;97.70
21.12.2024 12:31;99553;АТБ;1.000         x          97.70 =                   97.70 А;АРТ,№;мо соло
21.12.2024 12:31;99553;АТБ;АРТ.№ 606 Масло 180 г Комо солодковершкове безлактозне 73%;1;97.70
21.12.2024 12:31;99553;АТБ;1.000         x          97.70 =                   97.70 А;АРТ,№; шт Це-
21.12.2024 12:31;99553;АТБ;АРТ.№ 607 Яйце куряче 10 шт Це-яйце! Полтавське вища катег;1;67.60
21.12.2024 12:31;99553;АТБ;1.000         x          67.60 =                   67.60 А;АРТ,№;ний 180
21.12.2024 12:31;99553;АТБ;АРТ.№ 106 Сир кисломолочний 180 г Білоцерківський 5% еколі;1;39.90
21.12.2024 12:31;99553;АТБ;1.000         x          39.90 =                   39.90 А;АРТ,№;ний пап
21.12.2024 12:31;99553;АТБ;АРТ.№ 608 Вологий туалетний папір 50 шт Своя лінія алое/Ki;1;43.50
21.12.2024 12:31;99553;АТБ;1.000         x          43.50 =                   43.50 А;АРТ,№;Київхлі
21.12.2024 12:31;99553;АТБ;АРТ.№ 609 Булочки 250 г Київхліб Малятко 1г п/ет;1;19.90
21.12.2024 12:31;99553;АТБ;1.000         x          19.90 =                   19.90 А;АРТ,№;Київхлі
21.12.2024 12:31;99553;АТБ;АРТ.№ 609 Булочки 250 г Київхліб Малятко 1г п/ет;1;19.90
21.12.2024 12:31;99553;АТБ;1.000         x          19.90 =                   19.90 А;АРТ,№;омашЗак
21.12.2024 12:43;OFwctBNAFWU        ;ФОРА;АРТ.№ 917619 Хл450КулинДомашЗакв;1;32.90
21.12.2024 12:43;OFwctBNAFWU        ;ФОРА;1.000         x          32.90 =                   32.90 А;АРТ,№;
21.12.2024 12:43;OFwctBNAFWU        ;ФОРА;АРТ.№ 32485 БананКг;1.24;59.90
21.12.2024 12:43;OFwctBNAFWU        ;ФОРА;1.240         x          59.90 =                   74.28 А;АРТ,№;ФораСер
21.12.2024 12:43;OFwctBNAFWU        ;ФОРА;АРТ.№ 889654 Пак37*60*50ФораСеред;1;5.00
21.12.2024 12:43;OFwctBNAFWU        ;ФОРА;1.000         x           5.00 =                    5.00 А;АРТ,№;kornaКл
21.12.2024 12:43;OFwctBNAFWU        ;ФОРА;АРТ.№ 583864 Корж90ВафLekornaКлас;1;44.90
21.12.2024 12:43;OFwctBNAFWU        ;ФОРА;1.000         x          44.90 =                   44.90 А;АРТ,№;орБезл1
21.12.2024 12:43;OFwctBNAFWU        ;ФОРА;АРТ.№ 919637 Смет300НаЗдорБезл15%;2;59.90
21.12.2024 12:43;OFwctBNAFWU        ;ФОРА;2.000         x          59.90 =                  119.80 А;АРТ,№;
21.12.2024 12:43;OFwctBNAFWU        ;ФОРА;АРТ.№ 638804 Ш.42БатNuts;1;22.90
21.12.2024 12:43;OFwctBNAFWU        ;ФОРА;1.000         x          22.90 =                   22.90 А;АРТ,№;ятСоусB
21.12.2024 12:43;OFwctBNAFWU        ;ФОРА;АРТ.№ 959175 Роллін90ТелятСоусBBQ;1;27.70
21.12.2024 12:43;OFwctBNAFWU        ;ФОРА;1.000         x          27.70 =                   27.70 А;АРТ,№;КСгущ8,
21.12.2024 12:43;OFwctBNAFWU        ;ФОРА;АРТ.№ 584230 Мол370ПерМККСгущ8,5%;1;54.90
21.12.2024 12:43;OFwctBNAFWU        ;ФОРА;1.000         x          54.90 =                   54.90 А;АРТ,№;рКурОхМ
23.12.2024 15:02;i3vMIBvZDd4        ;Траш;АРТ.№ 750297 ФілеКгЕпікурКурОхМ/л;0.82;189.00
23.12.2024 15:02;i3vMIBvZDd4        ;Траш;0.820         x         189.00 =                  154.98 А;АРТ,№;СПан2шП
23.12.2024 15:02;i3vMIBvZDd4        ;Траш;АРТ.№ 865728 Серв150КосмСПан2шП/е;3;34.99
23.12.2024 15:02;i3vMIBvZDd4        ;Траш;3.000         x          34.99 =                  104.97 А;АРТ,№;!18кг
23.12.2024 15:02;i3vMIBvZDd4        ;Траш;АРТ.№ 954026 ПакетThrash!18кг;1;5.99
23.12.2024 15:02;i3vMIBvZDd4        ;Траш;1.000         x           5.99 =                    5.99 А;АРТ,№;очкаС1
23.12.2024 15:02;i3vMIBvZDd4        ;Траш;АРТ.№ 452276 Яйця10КурКвочкаС1;1;64.90
23.12.2024 15:02;i3vMIBvZDd4        ;Траш;1.000         x          64.90 =                   64.90 А;АРТ,№;вхлібСо
23.12.2024 15:02;i3vMIBvZDd4        ;Траш;АРТ.№ 249962 Солом100КиївхлібСоло;5;14.89
23.12.2024 15:02;i3vMIBvZDd4        ;Траш;5.000         x          14.89 =                   74.45 А;АРТ,№;delОриг
23.12.2024 15:02;i3vMIBvZDd4        ;Траш;АРТ.№ 429180 Сир175PhiladelОригин;1;99.00
23.12.2024 15:02;i3vMIBvZDd4        ;Траш;1.000         x          99.00 =                   99.00 А;АРТ,№;
23.12.2024 15:02;i3vMIBvZDd4        ;Траш;АРТ.№ 638804 Ш.42БатNuts;1;31.49
23.12.2024 15:02;i3vMIBvZDd4        ;Траш;1.000         x          31.49 =                   31.49 А;АРТ,№;инМініС
23.12.2024 15:02;i3vMIBvZDd4        ;Траш;АРТ.№ 972101 Лав10*18КулинМініСир;1;29.99
23.12.2024 15:02;i3vMIBvZDd4        ;Траш;1.000         x          29.99 =                   29.99 А;АРТ,№;ссСтигл
23.12.2024 15:02;i3vMIBvZDd4        ;Траш;АРТ.№ 838137 АвокадоШтХассСтиглий;3;39.90
23.12.2024 15:02;i3vMIBvZDd4        ;Траш;3.000         x          39.90 =                  119.70 А;АРТ,№;жРукШпи
23.12.2024 15:32;phyVeMAwUoI        ;Фора;АРТ.№ 916034 Сал75ПучСвіжРукШпин;1;64.90
23.12.2024 15:32;phyVeMAwUoI        ;Фора;1.000         x          64.90 =                   64.90 А;АРТ,№;СвятМик
23.12.2024 15:32;phyVeMAwUoI        ;Фора;АРТ.№ 969416 Фіг60RoshenСвятМик;3;49.70
23.12.2024 15:32;phyVeMAwUoI        ;Фора;3.000         x          49.70 =                  149.10 А;АРТ,№;lcomБКі
23.12.2024 15:32;phyVeMAwUoI        ;Фора;АРТ.№ 940937 Оливки300HelcomБКіст;1;54.90
23.12.2024 15:32;phyVeMAwUoI        ;Фора;1.000         x          54.90 =                   54.90 А;АРТ,№;omЛосос
23.12.2024 15:32;phyVeMAwUoI        ;Фора;АРТ.№ 940934 Олив300HelcomЛосос;1;69.90
23.12.2024 15:32;phyVeMAwUoI        ;Фора;1.000         x          69.90 =                   69.90 А;АРТ,№;орБезл1
23.12.2024 15:32;phyVeMAwUoI        ;Фора;АРТ.№ 919637 Смет300НаЗдорБезл15%;2;59.90
23.12.2024 15:32;phyVeMAwUoI        ;Фора;2.000         x          59.90 =                  119.80 А;АРТ,№;ошик
23.12.2024 15:32;phyVeMAwUoI        ;Фора;АРТ.№ 340212 КівіШтГолдКошик;1;56.90
23.12.2024 15:32;phyVeMAwUoI        ;Фора;1.000         x          56.90 =                   56.90 А;АРТ,№;АмерикД
23.12.2024 15:32;phyVeMAwUoI        ;Фора;АРТ.№ 550269 Гірч130ТорчАмерикД/п;1;16.50
23.12.2024 15:32;phyVeMAwUoI        ;Фора;1.000         x          16.50 =                   16.50 А;АРТ,№;ршБезла
23.12.2024 15:32;phyVeMAwUoI        ;Фора;АРТ.№ 591357 Сир175ExqВершБезлакт;1;79.90
23.12.2024 15:32;phyVeMAwUoI        ;Фора;1.000         x          79.90 =                   79.90 А;АРТ,№;
23.12.2024 15:32;phyVeMAwUoI        ;Фора;АРТ.№ 32550 ЛимонКг;0.184;66.90
23.12.2024 15:32;phyVeMAwUoI        ;Фора;0.184         x          66.90 =                   12.31 А;АРТ,№;niУніве
23.12.2024 15:32;phyVeMAwUoI        ;Фора;АРТ.№ 925454 Соус130DeroniУніверс;1;64.90
23.12.2024 15:32;phyVeMAwUoI        ;Фора;1.000         x          64.90 =                   64.90 А;АРТ,№;изький
23.12.2024 15:32;phyVeMAwUoI        ;Фора;АРТ.№ 441692 Багет300Паризький;1;31.90
23.12.2024 15:32;phyVeMAwUoI        ;Фора;1.000         x          31.90 =                   31.90 А;АРТ,№;ФораМал
23.12.2024 15:45;7NOoqKs9hFo        ;Фора;АРТ.№ 889656 Пак30*55*50ФораМал;1;4.00
23.12.2024 15:45;7NOoqKs9hFo        ;Фора;1.000         x           4.00 =                    4.00 А;АРТ,№;люкЗелК
23.12.2024 15:45;7NOoqKs9hFo        ;Фора;АРТ.№ 575960 Шампін250МалюкЗелКр;4;54.90
23.12.2024 15:45;7NOoqKs9hFo        ;Фора;4.000         x          54.90 =                  219.60 А;АРТ,№;СнПанд2
26.12.2024 17:44;buQVrIfCutE        ;Траш;АРТ.№ 782527 Серв150КосмСнПанд2ш;1;39.99
26.12.2024 17:44;buQVrIfCutE        ;Траш;1.000         x          39.99 =                   39.99 А;АРТ,№;жнаПанд
26.12.2024 17:44;buQVrIfCutE        ;Траш;АРТ.№ 502581 Рушн2ПапСніжнаПанда;1;44.99
26.12.2024 17:44;buQVrIfCutE        ;Траш;1.000         x          44.99 =                   44.99 А;АРТ,№;мПремЗа
26.12.2024 17:44;buQVrIfCutE        ;Траш;АРТ.№ 382172 Пак10*60Д/смПремЗат;1;49.99
26.12.2024 17:44;buQVrIfCutE        ;Траш;1.000         x          49.99 =                   49.99 А;АРТ,№;СПан2шП
26.12.2024 17:44;buQVrIfCutE        ;Траш;АРТ.№ 865728 Серв150КосмСПан2шП/е;1;34.99
26.12.2024 17:44;buQVrIfCutE        ;Траш;1.000         x          34.99 =                   34.99 А;АРТ,№;nGoldNu
26.12.2024 17:44;buQVrIfCutE        ;Траш;АРТ.№ 940004 Цук150MillenGoldNuts;1;78.99
26.12.2024 17:44;buQVrIfCutE        ;Траш;1.000         x          78.99 =                   78.99 А;АРТ,№;іонСокЯ
26.12.2024 17:44;buQVrIfCutE        ;Траш;АРТ.№ 941059 Осв300GladПіонСокЯг;1;92.49
26.12.2024 17:44;buQVrIfCutE        ;Траш;1.000         x          92.49 =                   92.49 А;АРТ,№;вМоцПал
26.12.2024 17:44;buQVrIfCutE        ;Траш;АРТ.№ 848683 Сир180НовСівМоцПал45;1;69.90
26.12.2024 17:44;buQVrIfCutE        ;Траш;1.000         x          69.90 =                   69.90 А;АРТ,№;iMiMilk
26.12.2024 17:44;buQVrIfCutE        ;Траш;АРТ.№ 913405 Сир185КислMiMiMilk5%;1;33.99
26.12.2024 17:44;buQVrIfCutE        ;Траш;1.000         x          33.99 =                   33.99 А;АРТ,№;инМініЦ
26.12.2024 17:44;buQVrIfCutE        ;Траш;АРТ.№ 972102 Лав10*18КулинМініЦіл;1;29.99
26.12.2024 17:44;buQVrIfCutE        ;Траш;1.000         x          29.99 =                   29.99 А;АРТ,№;орБезл1
29.12.2024 18:50;2TMNMBqW-kQ   ;Фора;АРТ.№ 919637 Смет300НаЗдорБезл15%;3;59.90
29.12.2024 18:50;2TMNMBqW-kQ   ;Фора;3.000         x          59.90 =                  179.70 А;АРТ,№;ерранБо
29.12.2024 18:50;2TMNMBqW-kQ   ;Фора;АРТ.№ 827618 Хам60ArgalСерранБод;1;64.90
29.12.2024 18:50;2TMNMBqW-kQ   ;Фора;1.000         x          64.90 =                   64.90 А;АРТ,№;і
29.12.2024 18:50;2TMNMBqW-kQ   ;Фора;АРТ.№ 759416 Шпинат75Бебі;1;64.90
29.12.2024 18:50;2TMNMBqW-kQ   ;Фора;1.000         x          64.90 =                   64.90 А;АРТ,№;isticІт
29.12.2024 18:50;2TMNMBqW-kQ   ;Фора;АРТ.№ 971982 Сал75OrtomMisticІтал;1;39.90
29.12.2024 18:50;2TMNMBqW-kQ   ;Фора;1.000         x          39.90 =                   39.90 А;АРТ,№;astЛокш
29.12.2024 18:50;2TMNMBqW-kQ   ;Фора;АРТ.№ 694489 Макар400LaPastЛокшин;1;34.90
29.12.2024 18:50;2TMNMBqW-kQ   ;Фора;1.000         x          34.90 =                   34.90 А;АРТ,№;tkerВер
29.12.2024 18:50;2TMNMBqW-kQ   ;Фора;АРТ.№ 395733 Загусн8DrOetkerВершк;1;6.90
29.12.2024 18:50;2TMNMBqW-kQ   ;Фора;1.000         x           6.90 =                    6.90 А;АРТ,№;
29.12.2024 19:16;5f9nf3CA8YY        ;Траш;АРТ.№ 34650 МоркваКг;1.184;27.85
29.12.2024 19:16;5f9nf3CA8YY        ;Траш;1.184         x          27.85 =                   32.97 А;АРТ,№;Екстр82
29.12.2024 19:16;5f9nf3CA8YY        ;Траш;АРТ.№ 871874 Масл180БілоЕкстр82%;2;75.90
29.12.2024 19:16;5f9nf3CA8YY        ;Траш;2.000         x          75.90 =                  151.80 А;АРТ,№;АмерикД
29.12.2024 19:16;5f9nf3CA8YY        ;Траш;АРТ.№ 550269 Гірч130ТорчАмерикД/п;1;14.99
29.12.2024 19:16;5f9nf3CA8YY        ;Траш;1.000         x          14.99 =                   14.99 А;АРТ,№;hКамамб
29.12.2024 19:16;5f9nf3CA8YY        ;Траш;АРТ.№ 841443 Сир125FeelChКамамбБл;1;69.99
29.12.2024 19:16;5f9nf3CA8YY        ;Траш;1.000         x          69.99 =                   69.99 А;АРТ,№;емС/сШм
29.12.2024 19:16;5f9nf3CA8YY        ;Траш;АРТ.№ 365811 Сьомга180ПремС/сШм;1;159.00
29.12.2024 19:16;5f9nf3CA8YY        ;Траш;1.000         x         159.00 =                  159.00 А;АРТ,№;кладний
29.12.2024 19:16;5f9nf3CA8YY        ;Траш;АРТ.№ 890999 ПакетБіорозкладний;1;1.20
29.12.2024 19:16;5f9nf3CA8YY        ;Траш;1.000         x           1.20 =                    1.20 А;АРТ,№;поПакЗП
30.12.2024 15:36;OElBMRvXLUU        ;Сільпо;АРТ.№ 888376 Пакет12СільпоПакЗПак;1;4.99
30.12.2024 15:36;OElBMRvXLUU        ;Сільпо;1.000         x           4.99 =                    4.99 А;АРТ,№;kaКрафт
30.12.2024 15:36;OElBMRvXLUU        ;Сільпо;АРТ.№ 797321 ПакПодPodyakaКрафтL;1;40.99
30.12.2024 15:36;OElBMRvXLUU        ;Сільпо;1.000         x          40.99 =                   40.99 А;АРТ,№;kaКрафт
30.12.2024 15:36;OElBMRvXLUU        ;Сільпо;АРТ.№ 797320 ПакПодPodyakaКрафтM;2;35.99
30.12.2024 15:36;OElBMRvXLUU        ;Сільпо;2.000         x          35.99 =                   71.98 А;АРТ,№;КістШвЗ
30.12.2024 15:36;OElBMRvXLUU        ;Сільпо;АРТ.№ 914733 Виш400ПЧБезКістШвЗам;1;109.00
30.12.2024 15:36;OElBMRvXLUU        ;Сільпо;1.000         x         109.00 =                  109.00 А;АРТ,№;кHORTEX
30.12.2024 15:36;OElBMRvXLUU        ;Сільпо;АРТ.№ 342942 Суміш400БрокHORTEX@;1;76.99
30.12.2024 15:36;OElBMRvXLUU        ;Сільпо;1.000         x          76.99 =                   76.99 А;АРТ,№;нЄвроп7
30.12.2024 15:36;OElBMRvXLUU        ;Сільпо;АРТ.№ 925592 М-з150ТорчинЄвроп72%;2;17.99
30.12.2024 15:36;OElBMRvXLUU        ;Сільпо;2.000         x          17.99 =                   35.98 А;АРТ,№;pАвокад
30.12.2024 15:36;OElBMRvXLUU        ;Сільпо;АРТ.№ 932975 Олія200VivSpАвокадо;1;279.00
30.12.2024 15:36;OElBMRvXLUU        ;Сільпо;1.000         x         279.00 =                  279.00 А;АРТ,№;атурЛип
30.12.2024 15:36;OElBMRvXLUU        ;Сільпо;АРТ.№ 593254 Мед400ПремНатурЛипов;1;109.00
30.12.2024 15:36;OElBMRvXLUU        ;Сільпо;1.000         x         109.00 =                  109.00 А;АРТ,№;t3C10х1
30.12.2024 15:36;OElBMRvXLUU        ;Сільпо;АРТ.№ 699234 Хуст10НосRut3C10х10;2;4.99
30.12.2024 15:36;OElBMRvXLUU        ;Сільпо;2.000         x           4.99 =                    9.98 А;АРТ,№; зі свя
30.12.2024 16:19;126455;АТБ;АРТ.№ 58 Пакет п/е 34*55 зі святковою символікою без/уп;1;4.60
30.12.2024 16:19;126455;АТБ;1.000         x           4.60 =                    4.60 А;АРТ,№;тичні 1
30.12.2024 16:19;126455;АТБ;АРТ.№ 154 Серветки кoсметичні 100+50 шт Своя лінія універс;1;28.90
30.12.2024 16:19;126455;АТБ;1.000         x          28.90 =                   28.90 А;АРТ,№;тичні 1
30.12.2024 16:19;126455;АТБ;АРТ.№ 154 Серветки кoсметичні 100+50 шт Своя лінія універс;1;28.90
30.12.2024 16:19;126455;АТБ;1.000         x          28.90 =                   28.90 А;АРТ,№;і 60 шт
30.12.2024 16:19;126455;АТБ;АРТ.№ 357 Серветки вологі 60 шт Своя лінія антибактеріальн;1;28.30
30.12.2024 16:19;126455;АТБ;1.000         x          28.30 =                   28.30 А;АРТ,№;ві 10 ш
30.12.2024 16:19;126455;АТБ;АРТ.№ 48 Хустинки паперові 10 шт Розумний вибір двошарові;1;2.50
30.12.2024 16:19;126455;АТБ;1.000         x           2.50 =                    2.50 А;АРТ,№;ві 10 ш
30.12.2024 16:19;126455;АТБ;АРТ.№ 48 Хустинки паперові 10 шт Розумний вибір двошарові;1;2.50
30.12.2024 16:19;126455;АТБ;1.000         x           2.50 =                    2.50 А;АРТ,№;ві 10 ш
30.12.2024 16:19;126455;АТБ;АРТ.№ 48 Хустинки паперові 10 шт Розумний вибір двошарові;1;2.50
30.12.2024 16:19;126455;АТБ;1.000         x           2.50 =                    2.50 А;АРТ,№;ойлерів
30.12.2024 16:19;126455;АТБ;АРТ.№ 130 Філе курчат-бройлерів Чебатурочка охолоджене газ;0.647;198.49
30.12.2024 16:19;126455;АТБ;0.647         x         198.49 =                  128.42 А;АРТ,№;ойлерів
30.12.2024 16:19;126455;АТБ;АРТ.№ 130 Філе курчат-бройлерів Чебатурочка охолоджене газ;0.553;198.49
30.12.2024 16:19;126455;АТБ;0.553         x         198.49 =                  109.76 А;АРТ,№;estle N
30.12.2024 16:19;126455;АТБ;АРТ.№ 245 Цукерка 42 г Nestle Nuts м/уп;1;27.90
30.12.2024 16:19;126455;АТБ;1.000         x          27.90 =                   27.90 А;     ;
30.12.2024 16:19;126455;АТБ;        Дисконт: 1.39;АРТ,№; Kinder
30.12.2024 16:19;126455;АТБ;АРТ.№ 743 Батончик 100 г Kinder Chocolate Т8 с молочним на;1;69.40
30.12.2024 16:19;126455;АТБ;1.000         x          69.40 =                   69.40 А;     ;
30.12.2024 16:19;126455;АТБ;        Дисконт: 3.47;АРТ,№;B 4 PAW
30.12.2024 16:19;126455;АТБ;АРТ.№ 777 Корм 100 г CLUB 4 PAWS Преміум з ягням в соусі п;1;15.90
30.12.2024 16:19;126455;АТБ;1.000         x          15.90 =                   15.90 А;     ;
30.12.2024 16:19;126455;АТБ;        Дисконт: 0.79;АРТ,№;рчат-бр
31.12.2024 13:32;99284;АТБ;АРТ.№ 374 Філе стегна курчат-бройлерів Епікур охолоджене г;0.654;213.95
31.12.2024 13:32;99284;АТБ;0.654         x         213.95 =                  139.92 А;АРТ,№;рчат-бр
31.12.2024 13:32;99284;АТБ;АРТ.№ 374 Філе стегна курчат-бройлерів Епікур охолоджене г;0.617;213.95
31.12.2024 13:32;99284;АТБ;0.617         x         213.95 =                  132.01 А;АРТ,№;иївхліб
31.12.2024 13:32;99284;АТБ;АРТ.№ 40 Булочки 400 г Київхліб Малятко 1г п/ет;1;31.60
31.12.2024 13:32;99284;АТБ;1.000         x          31.60 =                   31.60 А;АРТ,№;,782 кг
31.12.2024 13:32;99284;АТБ;АРТ.№ 112 Олія 0,85 л (0,782 кг) Олейна Традиційна Соняшни;1;63.41
31.12.2024 13:32;99284;АТБ;1.000         x          63.41 =                   63.41 А;АРТ,№;,782 кг
31.12.2024 13:32;99284;АТБ;АРТ.№ 112 Олія 0,85 л (0,782 кг) Олейна Традиційна Соняшни;1;63.41
31.12.2024 13:32;99284;АТБ;1.000         x          63.41 =                   63.41 А;АРТ,№;єнічні 
31.12.2024 13:32;99284;АТБ;АРТ.№ 375 Прокладки гігієнічні 10 шт Bella for Teens Ultra;1;35.90
31.12.2024 13:32;99284;АТБ;1.000         x          35.90 =                   35.90 А;     ;
31.12.2024 13:32;99284;АТБ;        Дисконт: 1.80;АРТ,№;єнічні 
31.12.2024 13:32;99284;АТБ;АРТ.№ 375 Прокладки гігієнічні 10 шт Bella for Teens Ultra;1;35.90
31.12.2024 13:32;99284;АТБ;1.000         x          35.90 =                   35.90 А;     ;
31.12.2024 13:32;99284;АТБ;        Дисконт: 1.80;АРТ,№;єнічні 
31.12.2024 13:32;99284;АТБ;АРТ.№ 376 Прокладки гігієнічні 9 шт Libresse Natural Care;1;35.50
31.12.2024 13:32;99284;АТБ;1.000         x          35.50 =                   35.50 А;     ;
31.12.2024 13:32;99284;АТБ;        Дисконт: 1.77;АРТ,№;B 4 PAW
31.12.2024 13:32;99284;АТБ;АРТ.№ 377 Корм 100 г CLUB 4 PAWS Преміум з ягням в соусі п;1;15.90
31.12.2024 13:32;99284;АТБ;1.000         x          15.90 =                   15.90 А;     ;
31.12.2024 13:32;99284;АТБ;        Дисконт: 0.79;АРТ,№;єнічні 
31.12.2024 13:32;99284;АТБ;АРТ.№ 378 Прокладки гігієнічні 10 шт Libresse Ultra Goodni;1;47.60
31.12.2024 13:32;99284;АТБ;1.000         x          47.60 =                   47.60 А;     ;
31.12.2024 13:32;99284;АТБ;        Дисконт: 2.38;АРТ,№; шт Ясе
31.12.2024 13:32;99284;АТБ;АРТ.№ 379 Яйце куряче 10 шт Ясенсвіт Справжні велетні вища;1;68.40
31.12.2024 13:32;99284;АТБ;1.000         x          68.40 =                   68.40 А;АРТ,№;СвятМик
31.12.2024 13:36;c7xZ66o2qyk        ;Фора;АРТ.№ 969415 Фіг25RoshenСвятМик;3;17.90
31.12.2024 13:36;c7xZ66o2qyk        ;Фора;3.000         x          17.90 =                   53.70 А;АРТ,№;омашЗак
31.12.2024 13:36;c7xZ66o2qyk        ;Фора;АРТ.№ 917619 Хл450КулинДомашЗакв;1;32.90
31.12.2024 13:36;c7xZ66o2qyk        ;Фора;1.000         x          32.90 =                   32.90 А;АРТ,№;вхСтудП
31.12.2024 13:36;c7xZ66o2qyk        ;Фора;АРТ.№ 929284 Рогал300КиївхСтудПос;1;28.90
31.12.2024 13:36;c7xZ66o2qyk        ;Фора;1.000         x          28.90 =                   28.90 А;АРТ,№;ФораМал
31.12.2024 13:36;c7xZ66o2qyk        ;Фора;АРТ.№ 889656 Пак30*55*50ФораМал;1;4.00
31.12.2024 13:36;c7xZ66o2qyk        ;Фора;1.000         x           4.00 =                    4.00 А;АРТ,№;ФораМал
01.01.2025 15:39;pjjX0ZUrOyw        ;Фора;АРТ.№ 889656 Пак30*55*50ФораМал;1;4.00
01.01.2025 15:39;pjjX0ZUrOyw        ;Фора;1.000         x           4.00 =                    4.00 А;АРТ,№;ТрісНат
01.01.2025 15:39;pjjX0ZUrOyw        ;Фора;АРТ.№ 895324 Печ115BangaТрісНатВ*;2;99.90
01.01.2025 15:39;pjjX0ZUrOyw        ;Фора;2.000         x          99.90 =                  199.80 А;АРТ,№;вТр5%Ва
01.01.2025 15:39;pjjX0ZUrOyw        ;Фора;АРТ.№ 857555 Сир220PresТвТр5%Ван;1;69.90
01.01.2025 15:39;pjjX0ZUrOyw        ;Фора;1.000         x          69.90 =                   69.90 А;АРТ,№;омашЗак
01.01.2025 15:39;pjjX0ZUrOyw        ;Фора;АРТ.№ 917619 Хл450КулинДомашЗакв;1;32.90
01.01.2025 15:39;pjjX0ZUrOyw        ;Фора;1.000         x          32.90 =                   32.90 А;АРТ,№;вСпрВел
01.01.2025 15:39;pjjX0ZUrOyw        ;Фора;АРТ.№ 181642 Яйце10ЯсенсвСпрВелС0;1;67.90
01.01.2025 15:39;pjjX0ZUrOyw        ;Фора;1.000         x          67.90 =                   67.90 А;АРТ,№;й черво
01.01.2025 15:49;127210;АТБ;АРТ.№ 365 Перець солодкий червоний 1гат;0.4;159.95
01.01.2025 15:49;127210;АТБ;0.400         x         159.95 =                   63.98 А;АРТ,№;дний з 
01.01.2025 15:49;127210;АТБ;АРТ.№ 49 Пакет біорозкладний з ручками 220х450,240х420мм,;1;1.20
01.01.2025 15:49;127210;АТБ;1.000         x           1.20 =                    1.20 А;АРТ,№;ві 2 шт
01.01.2025 15:49;127210;АТБ;АРТ.№ 366 Рушники паперові 2 шт Своя лінія 2-шарові білі м;1;28.90
01.01.2025 15:49;127210;АТБ;1.000         x          28.90 =                   28.90 А;АРТ,№;т
01.01.2025 15:49;127210;АТБ;АРТ.№ 139 Клементин 1 гат;0.764;64.95
01.01.2025 15:49;127210;АТБ;0.764         x          64.95 =                   49.62 А;АРТ,№;дний з 
01.01.2025 15:49;127210;АТБ;АРТ.№ 49 Пакет біорозкладний з ручками 220х450,240х420мм,;1;1.20
01.01.2025 15:49;127210;АТБ;1.000         x           1.20 =                    1.20 А;АРТ,№;і 60 шт
01.01.2025 15:49;127210;АТБ;АРТ.№ 160 Серветки вологі 60 шт Своя лінія антибактеріальн;1;28.30
01.01.2025 15:49;127210;АТБ;1.000         x          28.30 =                   28.30 А;АРТ,№;тичні 1
01.01.2025 15:49;127210;АТБ;АРТ.№ 213 Серветки кoсметичні 100+50 шт Своя лінія універс;1;28.90
01.01.2025 15:49;127210;АТБ;1.000         x          28.90 =                   28.90 А;АРТ,№;тичні 1
01.01.2025 15:49;127210;АТБ;АРТ.№ 213 Серветки кoсметичні 100+50 шт Своя лінія універс;1;28.90
01.01.2025 15:49;127210;АТБ;1.000         x          28.90 =                   28.90 А;АРТ,№;тичні 1
01.01.2025 15:49;127210;АТБ;АРТ.№ 213 Серветки кoсметичні 100+50 шт Своя лінія універс;1;28.90
01.01.2025 15:49;127210;АТБ;1.000         x          28.90 =                   28.90 А;АРТ,№;ezzz!2,
02.01.2025 15:09;Ae9CUkIG6Ew        ;Сільпо;АРТ.№ 971800 ПакетСтартYezzz!2.0;1;50.00
02.01.2025 15:09;Ae9CUkIG6Ew        ;Сільпо;1.000         x          50.00 =                   50.00 А;АРТ,№;!АнглС
02.01.2025 15:09;Ae9CUkIG6Ew        ;Сільпо;АРТ.№ 497479 Чай100Gr@ce!АнглС;1;49.99
02.01.2025 15:09;Ae9CUkIG6Ew        ;Сільпо;1.000         x          49.99 =                   49.99 А;АРТ,№;HousSPБ
02.01.2025 15:09;Ae9CUkIG6Ew        ;Сільпо;АРТ.№ 890807 Чай100ChelNHousSPБер;1;129.00
02.01.2025 15:09;Ae9CUkIG6Ew        ;Сільпо;1.000         x         129.00 =                  129.00 А;АРТ,№;t3C10х1
02.01.2025 15:09;Ae9CUkIG6Ew        ;Сільпо;АРТ.№ 699234 Хуст10НосRut3C10х10;2;4.99
02.01.2025 15:09;Ae9CUkIG6Ew        ;Сільпо;2.000         x           4.99 =                    9.98 А;АРТ,№;g100%Бе
02.01.2025 15:09;Ae9CUkIG6Ew        ;Сільпо;АРТ.№ 959166 Чай90MonOrig100%Берг;1;93.99
02.01.2025 15:09;Ae9CUkIG6Ew        ;Сільпо;1.000         x          93.99 =                   93.99 А;АРТ,№;жерН/га
05.01.2025 16:01;Aev59X3W2U4        ;Фора;АРТ.№ 369071 М/в2.0КарпДжерН/газ;1;19.90
05.01.2025 16:01;Aev59X3W2U4        ;Фора;1.000         x          19.90 =                   19.90 А;АРТ,№;
05.01.2025 16:01;Aev59X3W2U4        ;Фора;АРТ.№ 32485 БананКг;1.562;59.90
05.01.2025 16:01;Aev59X3W2U4        ;Фора;1.562         x          59.90 =                   93.56 А;АРТ,№;лКиївсь
05.01.2025 16:01;Aev59X3W2U4        ;Фора;АРТ.№ 724408 Сух260КиївхлКиївські;1;34.90
05.01.2025 16:01;Aev59X3W2U4        ;Фора;1.000         x          34.90 =                   34.90 А;АРТ,№;йлерів 
05.01.2025 16:08;125564;АТБ;АРТ.№ 25 Філе курчат-бройлерів Чебатурочка охолоджене газ;0.671;158.99
05.01.2025 16:08;125564;АТБ;0.671         x         158.99 =                  106.68 А;АРТ,№;ційний 
05.01.2025 16:08;125564;АТБ;АРТ.№ 854 Засіб дезінфекційний 50 мл Manorm в асортименті;1;42.60
05.01.2025 16:08;125564;АТБ;1.000         x          42.60 =                   42.60 А;АРТ,№;Київхлі
05.01.2025 16:08;125564;АТБ;АРТ.№ 775 Булочки 250 г Київхліб Малятко 1г п/ет;1;19.90
05.01.2025 16:08;125564;АТБ;1.000         x          19.90 =                   19.90 А;АРТ,№;
07.01.2025 17:33;E4cUSdMhyuU        ;Фора;АРТ.№ 32485 БананКг;1.158;59.90
07.01.2025 17:33;E4cUSdMhyuU        ;Фора;1.158         x          59.90 =                   69.36 А;АРТ,№;ubДляСу
07.01.2025 17:33;E4cUSdMhyuU        ;Фора;АРТ.№ 609960 Рис300HokClubДляСуші;1;59.90
07.01.2025 17:33;E4cUSdMhyuU        ;Фора;1.000         x          59.90 =                   59.90 А;АРТ,№;лПшенНа
07.01.2025 17:33;E4cUSdMhyuU        ;Фора;АРТ.№ 959754 Бат250КиївхлПшенНар;1;16.90
07.01.2025 17:33;E4cUSdMhyuU        ;Фора;1.000         x          16.90 =                   16.90 А;АРТ,№;Зоолог
07.01.2025 17:33;E4cUSdMhyuU        ;Фора;АРТ.№ 698999 Печ250ГронаЗоолог;1;38.90
07.01.2025 17:33;E4cUSdMhyuU        ;Фора;1.000         x          38.90 =                   38.90 А;АРТ,№;delОриг
07.01.2025 17:33;E4cUSdMhyuU        ;Фора;АРТ.№ 429180 Сир175PhiladelОригин;1;99.90
07.01.2025 17:33;E4cUSdMhyuU        ;Фора;1.000         x          99.90 =                   99.90 А;АРТ,№;aРисови
07.01.2025 17:33;E4cUSdMhyuU        ;Фора;АРТ.№ 592017 Оцет230AkuraРисовий;1;68.90
07.01.2025 17:33;E4cUSdMhyuU        ;Фора;1.000         x          68.90 =                   68.90 А;АРТ,№;оріДСуш
07.01.2025 17:33;E4cUSdMhyuU        ;Фора;АРТ.№ 699828 Вод14AkuraНоріДСуші;1;68.90
07.01.2025 17:33;E4cUSdMhyuU        ;Фора;1.000         x          68.90 =                   68.90 А;АРТ,№; зі свя
07.01.2025 17:39;102649;АТБ;АРТ.№ 29 Пакет п/е 34*55 зі святковою символікою без/уп;1;4.60
07.01.2025 17:39;102649;АТБ;1.000         x           4.60 =                    4.60 А;АРТ,№; 1 гат
07.01.2025 17:39;102649;АТБ;АРТ.№ 431 Яблуко Чемпіон 1 гат;1.568;37.95
07.01.2025 17:39;102649;АТБ;1.568         x          37.95 =                   59.51 А;АРТ,№;ний 350
07.01.2025 17:39;102649;АТБ;АРТ.№ 561 Сир кисломолочний 350 г Український 5% безлактоз;1;70.90
07.01.2025 17:39;102649;АТБ;1.000         x          70.90 =                   70.90 А;АРТ,№;100 г E
07.01.2025 17:39;102649;АТБ;АРТ.№ 562 Кавовий напій 100 г Elite цикорій з екстрактами;1;41.90
07.01.2025 17:39;102649;АТБ;1.000         x          41.90 =                   41.90 А;     ;
07.01.2025 17:39;102649;АТБ;        Дисконт: 2.09;АРТ,№;ний 180
07.01.2025 17:39;102649;АТБ;АРТ.№ 296 Сир кисломолочний 180 г Білоцерківський 5% еколі;1;39.90
07.01.2025 17:39;102649;АТБ;1.000         x          39.90 =                   39.90 А;АРТ,№;ний 180
07.01.2025 17:39;102649;АТБ;АРТ.№ 296 Сир кисломолочний 180 г Білоцерківський 5% еколі;1;39.90
07.01.2025 17:39;102649;АТБ;1.000         x          39.90 =                   39.90 А;АРТ,№;ТорчКла
09.01.2025 14:34;FlrsSVbW7-4   ;Фора;АРТ.№ 739098 Соус500СоєвТорчКлас;1;70.90
09.01.2025 14:34;FlrsSVbW7-4   ;Фора;1.000         x          70.90 =                   70.90 А;АРТ,№;омашЗак
09.01.2025 14:34;FlrsSVbW7-4   ;Фора;АРТ.№ 917619 Хл450КулинДомашЗакв;1;32.90
09.01.2025 14:34;FlrsSVbW7-4   ;Фора;1.000         x          32.90 =                   32.90 А;АРТ,№;окіяЕк8
09.01.2025 14:34;FlrsSVbW7-4   ;Фора;АРТ.№ 878789 Масло180МолокіяЕк82%;2;95.90
09.01.2025 14:34;FlrsSVbW7-4   ;Фора;2.000         x          95.90 =                  191.80 А;АРТ,№;/Лак15%
09.01.2025 14:34;FlrsSVbW7-4   ;Фора;АРТ.№ 918566 Смет300МолБ/Лак15%Ст;1;53.50
09.01.2025 14:34;FlrsSVbW7-4   ;Фора;1.000         x          53.50 =                   53.50 А;АРТ,№;adyToEa
09.01.2025 14:34;FlrsSVbW7-4   ;Фора;АРТ.№ 538208 АвокадоШтReadyToEat;1;79.90
09.01.2025 14:34;FlrsSVbW7-4   ;Фора;1.000         x          79.90 =                   79.90 А;АРТ,№;готин5%
09.01.2025 14:34;FlrsSVbW7-4   ;Фора;АРТ.№ 872537 Сир180КислЯготин5%Фп;2;43.90
09.01.2025 14:34;FlrsSVbW7-4   ;Фора;2.000         x          43.90 =                   87.80 А;АРТ,№;а
11.01.2025 19:34;RJ5X09Tuo50 ;Фора;АРТ.№ 142571 ЯблукоКгГала;1.306;29.90
11.01.2025 19:34;RJ5X09Tuo50 ;Фора;1.306         x          29.90 =                   39.05 А;АРТ,№;кладний
11.01.2025 19:34;RJ5X09Tuo50 ;Фора;АРТ.№ 890999 ПакетБіорозкладний;2;1.20
11.01.2025 19:34;RJ5X09Tuo50 ;Фора;2.000         x           1.20 =                    2.40 А;АРТ,№;вТр5%Ва
11.01.2025 19:34;RJ5X09Tuo50 ;Фора;АРТ.№ 857555 Сир220PresТвТр5%Ван;1;58.90
11.01.2025 19:34;RJ5X09Tuo50 ;Фора;1.000         x          58.90 =                   58.90 А;АРТ,№;ФораВел
11.01.2025 19:34;RJ5X09Tuo50 ;Фора;АРТ.№ 889655 Пак45*66*50ФораВелик;1;6.00
11.01.2025 19:34;RJ5X09Tuo50 ;Фора;1.000         x           6.00 =                    6.00 А;АРТ,№;одСвітЗ
11.01.2025 19:34;RJ5X09Tuo50 ;Фора;АРТ.№ 865925 Пал220КрабВодСвітЗам;1;67.90
11.01.2025 19:34;RJ5X09Tuo50 ;Фора;1.000         x          67.90 =                   67.90 А;АРТ,№;люкЗелК
11.01.2025 19:34;RJ5X09Tuo50 ;Фора;АРТ.№ 575960 Шампін250МалюкЗелКр;1;59.90
11.01.2025 19:34;RJ5X09Tuo50 ;Фора;1.000         x          59.90 =                   59.90 А;АРТ,№;
11.01.2025 19:34;RJ5X09Tuo50 ;Фора;АРТ.№ 32485 БананКг;1.282;59.90
11.01.2025 19:34;RJ5X09Tuo50 ;Фора;1.282         x          59.90 =                   76.79 А;АРТ,№;елКрСві
11.01.2025 19:34;RJ5X09Tuo50 ;Фора;АРТ.№ 575959 Шампінь300ЗелКрСвіжі;1;54.90
11.01.2025 19:34;RJ5X09Tuo50 ;Фора;1.000         x          54.90 =                   54.90 А;АРТ,№;вСолдСи
11.01.2025 19:34;RJ5X09Tuo50 ;Фора;АРТ.№ 868236 Млинці310ЛевСолдСир;2;36.90
11.01.2025 19:34;RJ5X09Tuo50 ;Фора;2.000         x          36.90 =                   73.80 А;АРТ,№;naНор5Л
11.01.2025 19:34;RJ5X09Tuo50 ;Фора;АРТ.№ 773650 Водор11KatanaНор5Лис;1;79.90
11.01.2025 19:34;RJ5X09Tuo50 ;Фора;1.000         x          79.90 =                   79.90 А;АРТ,№;
11.01.2025 19:34;RJ5X09Tuo50 ;Фора;АРТ.№ 34650 МоркваКг;1.04;30.90
11.01.2025 19:34;RJ5X09Tuo50 ;Фора;1.040         x          30.90 =                   32.14 А;АРТ,№;ФілС/сВ
11.01.2025 19:34;RJ5X09Tuo50 ;Фора;АРТ.№ 962154 Сьомг150FavФілС/сВу;1;209.00
11.01.2025 19:34;RJ5X09Tuo50 ;Фора;1.000         x         209.00 =                  209.00 А;АРТ,№;mGalLif
11.01.2025 19:34;RJ5X09Tuo50 ;Фора;АРТ.№ 907933 Ц.70RoshYGumGalLife;1;18.90
11.01.2025 19:34;RJ5X09Tuo50 ;Фора;1.000         x          18.90 =                   18.90 А;АРТ,№;орокХар
12.01.2025 14:34;P_lXGcxg65Q ;Треш;АРТ.№ 924838 Сіль1000ХуторокХарч;1;31.99
12.01.2025 14:34;P_lXGcxg65Q ;Треш;1.000         x          31.99 =                   31.99 А;АРТ,№;СкРибКр
12.01.2025 14:34;P_lXGcxg65Q ;Треш;АРТ.№ 865920 Паст160ВСІкСкРибКрев;1;62.90
12.01.2025 14:34;P_lXGcxg65Q ;Треш;1.000         x          62.90 =                   62.90 А;АРТ,№;
12.01.2025 14:34;P_lXGcxg65Q ;Треш;АРТ.№ 305597 КлементинКг;0.484;68.90
12.01.2025 14:34;P_lXGcxg65Q ;Треш;0.484         x          68.90 =                   33.35 А;АРТ,№;кладний
12.01.2025 14:34;P_lXGcxg65Q ;Треш;АРТ.№ 890999 ПакетБіорозкладний;1;1.20
12.01.2025 14:34;P_lXGcxg65Q ;Треш;1.000         x           1.20 =                    1.20 А;АРТ,№;инМініЦ
12.01.2025 14:34;P_lXGcxg65Q ;Треш;АРТ.№ 972102 Лав10*18КулинМініЦіл;1;29.99
12.01.2025 14:34;P_lXGcxg65Q ;Треш;1.000         x          29.99 =                   29.99 А;АРТ,№;бр30х30
12.01.2025 14:34;P_lXGcxg65Q ;Треш;АРТ.№ 899045 СервМікрофібр30х30F7;1;21.99
12.01.2025 14:34;P_lXGcxg65Q ;Треш;1.000         x          21.99 =                   21.99 А;АРТ,№;КрабСнК
12.01.2025 14:34;P_lXGcxg65Q ;Треш;АРТ.№ 912846 Пал150ВодСвКрабСнКр;1;69.90
12.01.2025 14:34;P_lXGcxg65Q ;Треш;1.000         x          69.90 =                   69.90 А;АРТ,№;xcPrДМ'
12.01.2025 14:34;P_lXGcxg65Q ;Треш;АРТ.№ 873646 Прип50ПрипExcPrДМ'яс;1;47.59
12.01.2025 14:34;P_lXGcxg65Q ;Треш;1.000         x          47.59 =                   47.59 А;АРТ,№;DАрДинІ
12.01.2025 14:34;P_lXGcxg65Q ;Треш;АРТ.№ 960062 Кр500МилMilDАрДинІнж;1;42.09
12.01.2025 14:34;P_lXGcxg65Q ;Треш;1.000         x          42.09 =                   42.09 А;АРТ,№;вМоцПал
12.01.2025 14:34;P_lXGcxg65Q ;Треш;АРТ.№ 848683 Сир180НовСівМоцПал45;1;75.99
12.01.2025 14:34;P_lXGcxg65Q ;Треш;1.000         x          75.99 =                   75.99 А;АРТ,№;имСвАкц
12.01.2025 14:34;P_lXGcxg65Q ;Треш;АРТ.№ 536075 Бл3*50BrefЛимСвАкц;1;109.00
12.01.2025 14:34;P_lXGcxg65Q ;Треш;1.000         x         109.00 =                  109.00 А;АРТ,№;вЗамВ*
14.01.2025 15:56;yZCzrmdOc-Q ;Фора;АРТ.№ 893934 Брок400ЛімШвЗамВ*;1;62.90
14.01.2025 15:56;yZCzrmdOc-Q ;Фора;1.000         x          62.90 =                   62.90 А;АРТ,№;РізКонс
14.01.2025 15:56;yZCzrmdOc-Q ;Фора;АРТ.№ 928411 Помідори425РізКонс;1;49.90
14.01.2025 15:56;yZCzrmdOc-Q ;Фора;1.000         x          49.90 =                   49.90 А;АРТ,№;omЛосос
14.01.2025 15:56;yZCzrmdOc-Q ;Фора;АРТ.№ 940934 Олив300HelcomЛосос;1;69.90
14.01.2025 15:56;yZCzrmdOc-Q ;Фора;1.000         x          69.90 =                   69.90 А;АРТ,№;омашЗак
14.01.2025 15:56;yZCzrmdOc-Q ;Фора;АРТ.№ 917619 Хл450КулинДомашЗакв;1;32.90
14.01.2025 15:56;yZCzrmdOc-Q ;Фора;1.000         x          32.90 =                   32.90 А;АРТ,№;вХлМаля
14.01.2025 15:56;yZCzrmdOc-Q ;Фора;АРТ.№ 493492 Булоч250КиївХлМалят;1;19.90
14.01.2025 15:56;yZCzrmdOc-Q ;Фора;1.000         x          19.90 =                   19.90 А;АРТ,№;ТостСвН
14.01.2025 15:56;yZCzrmdOc-Q ;Фора;АРТ.№ 764208 Хл350КиївхлТостСвНар;1;33.80
14.01.2025 15:56;yZCzrmdOc-Q ;Фора;1.000         x          33.80 =                   33.80 А;АРТ,№;а
14.01.2025 15:56;yZCzrmdOc-Q ;Фора;АРТ.№ 32505 ГрушаКгЕлітна;0.532;89.90
14.01.2025 15:56;yZCzrmdOc-Q ;Фора;0.532         x          89.90 =                   47.83 А;АРТ,№;iІндичи
14.01.2025 15:56;yZCzrmdOc-Q ;Фора;АРТ.№ 919688 Пашт131ProfiІндичий;1;33.90
14.01.2025 15:56;yZCzrmdOc-Q ;Фора;1.000         x          33.90 =                   33.90 А;АРТ,№;mGalLif
14.01.2025 15:56;yZCzrmdOc-Q ;Фора;АРТ.№ 907933 Ц.70RoshYGumGalLife;2;18.90
14.01.2025 15:56;yZCzrmdOc-Q ;Фора;2.000         x          18.90 =                   37.80 А;АРТ,№;СвятМик
14.01.2025 15:56;yZCzrmdOc-Q ;Фора;АРТ.№ 969415 Фіг25RoshenСвятМик;3;9.90
14.01.2025 15:56;yZCzrmdOc-Q ;Фора;3.000         x           9.90 =                   29.70 А;АРТ,№;укНасСи
14.01.2025 15:56;yZCzrmdOc-Q ;Фора;АРТ.№ 906220 Попк80СоваКукНасСир;1;35.80
14.01.2025 15:56;yZCzrmdOc-Q ;Фора;1.000         x          35.80 =                   35.80 А;АРТ,№;ФораСер
15.01.2025 11:49;JjF4k3pad7w ;Фора;АРТ.№ 889654 Пак37*60*50ФораСеред;1;5.00
15.01.2025 11:49;JjF4k3pad7w ;Фора;1.000         x           5.00 =                    5.00 А;АРТ,№;rДесТвМ
15.01.2025 11:49;JjF4k3pad7w ;Фора;АРТ.№ 878492 Тіс100NonparДесТвМал;1;36.90
15.01.2025 11:49;JjF4k3pad7w ;Фора;1.000         x          36.90 =                   36.90 А;АРТ,№;mGalLif
15.01.2025 11:49;JjF4k3pad7w ;Фора;АРТ.№ 907933 Ц.70RoshYGumGalLife;1;18.90
15.01.2025 11:49;JjF4k3pad7w ;Фора;1.000         x          18.90 =                   18.90 А;АРТ,№;aChocPe
15.01.2025 11:49;JjF4k3pad7w ;Фора;АРТ.№ 912466 Драж40Bim&BaChocPean;1;11.90
15.01.2025 11:49;JjF4k3pad7w ;Фора;1.000         x          11.90 =                   11.90 А;АРТ,№;ШпинатС
15.01.2025 11:49;JjF4k3pad7w ;Фора;АРТ.№ 959632 БурекXXL140ШпинатСир;1;35.90
15.01.2025 11:49;JjF4k3pad7w ;Фора;1.000         x          35.90 =                   35.90 А;АРТ,№;amberTi
15.01.2025 11:49;JjF4k3pad7w ;Фора;АРТ.№ 968542 Н-р300ПрянLamberTime;1;149.00
15.01.2025 11:49;JjF4k3pad7w ;Фора;1.000         x         149.00 =                  149.00 А;АРТ,№;ФораМал
16.01.2025 15:30;A2z6ky9HoNA;Фора;АРТ.№ 889656 Пак30*55*50ФораМал;1;4.00
16.01.2025 15:30;A2z6ky9HoNA;Фора;1.000         x           4.00 =                    4.00 А;АРТ,№;вЗамВ*
16.01.2025 15:30;A2z6ky9HoNA;Фора;АРТ.№ 893934 Брок400ЛімШвЗамВ*;2;62.90
16.01.2025 15:30;A2z6ky9HoNA;Фора;2.000         x          62.90 =                  125.80 А;АРТ,№;ішІндВе
16.01.2025 15:30;A2z6ky9HoNA;Фора;АРТ.№ 942807 Пельм400ТВМішІндВерш;2;109.90
16.01.2025 15:30;A2z6ky9HoNA;Фора;2.000         x         109.90 =                  219.80 А;АРТ,№;cВорзДе
16.01.2025 15:30;A2z6ky9HoNA;Фора;АРТ.№ 938160 Прян0,4DelicВорзДек;1;84.40
16.01.2025 15:30;A2z6ky9HoNA;Фора;1.000         x          84.40 =                   84.40 А;АРТ,№;одСвітЗ
16.01.2025 15:30;A2z6ky9HoNA;Фора;АРТ.№ 865925 Пал220КрабВодСвітЗам;2;67.90
16.01.2025 15:30;A2z6ky9HoNA;Фора;2.000         x          67.90 =                  135.80 А;АРТ,№;елКрСві
16.01.2025 15:30;A2z6ky9HoNA;Фора;АРТ.№ 575959 Шампінь300ЗелКрСвіжі;2;64.90
16.01.2025 15:30;A2z6ky9HoNA;Фора;2.000         x          64.90 =                  129.80 А;АРТ,№;окіяЕк8
16.01.2025 15:30;A2z6ky9HoNA;Фора;АРТ.№ 878789 Масло180МолокіяЕк82%;1;95.90
16.01.2025 15:30;A2z6ky9HoNA;Фора;1.000         x          95.90 =                   95.90 А;АРТ,№;Лакт82,
16.01.2025 15:30;A2z6ky9HoNA;Фора;АРТ.№ 935468 Мас180ЯготБЛакт82,5%;1;122.00
16.01.2025 15:30;A2z6ky9HoNA;Фора;1.000         x         122.00 =                  122.00 А;АРТ,№;ychСир
16.01.2025 15:30;A2z6ky9HoNA;Фора;АРТ.№ 719781 Крекер80YarychСир;1;18.60
16.01.2025 15:30;A2z6ky9HoNA;Фора;1.000         x          18.60 =                   18.60 А;АРТ,№;ТостСвН
18.01.2025 16:56;xoZzK4JBIF4;Треш;АРТ.№ 764208 Хл350КиївхлТостСвНар;1;37.89
18.01.2025 16:56;xoZzK4JBIF4;Треш;1.000         x          37.89 =                   37.89 А;АРТ,№;!12кг
18.01.2025 16:56;xoZzK4JBIF4;Треш;АРТ.№ 954025 ПакетThrash!12кг;1;4.29
18.01.2025 16:56;xoZzK4JBIF4;Треш;1.000         x           4.29 =                    4.29 А;АРТ,№;вхлібСо
18.01.2025 16:56;xoZzK4JBIF4;Треш;АРТ.№ 249962 Солом100КиївхлібСоло;2;14.89
18.01.2025 16:56;xoZzK4JBIF4;Треш;2.000         x          14.89 =                   29.78 А;АРТ,№;ичБЛак2
18.01.2025 16:56;xoZzK4JBIF4;Треш;АРТ.№ 846754 Мол950УлГаличБЛак2.5;1;71.89
18.01.2025 16:56;xoZzK4JBIF4;Треш;1.000         x          71.89 =                   71.89 А;;
21.01.2025 19:40;ONLND1czvOs;Фора;АРТ.№ 937519 Крек72KukRukСметЦиб;1;22.19
21.01.2025 19:40;ONLND1czvOs;Фора;АРТ.№ 729557 Хлібц100ПремГречані;1;38.9
21.01.2025 19:40;ONLND1czvOs;Фора;АРТ.№ 872537 Сир180КислЯготин5%Фп;1;46.9
21.01.2025 19:40;ONLND1czvOs;Фора;АРТ.№ 945341 Сир100BayernМоцар45%;1;34.9
25.01.2025 17:41;DjGQ7f_z-nI ;Траш;АРТ.№ 873183 Сух100FlBagПшФранСир;1;16.99
25.01.2025 17:41;DjGQ7f_z-nI ;Траш;АРТ.№ 856756 Зав350Рум'янецьМак;1;68.09
25.01.2025 17:41;DjGQ7f_z-nI ;Траш;АРТ.№ 954025 ПакетThrash!12кг;1;4.29
25.01.2025 17:41;DjGQ7f_z-nI ;Траш;АРТ.№ 729557 Хлібц100ПремГречані;1;29.99
25.01.2025 17:41;DjGQ7f_z-nI ;Траш;АРТ.№ 340212 КівіШтГолдКошик;1;67.9
25.01.2025 17:41;DjGQ7f_z-nI ;Траш;АРТ.№ 746961 Пом15KamisСушЧасБаз;1;23.79
27.01.2025 12:52;DzoxSJrZzXA;Траш;АРТ.№ 778085 ФілКгЕпікурСтегОхМ/л;1.113;199
27.01.2025 12:52;DzoxSJrZzXA;Траш;АРТ.№ 834491 Мило500GalaxЧорОрхДП;1;29.99
27.01.2025 12:52;DzoxSJrZzXA;Траш;АРТ.№ 917619 Хл450КулинДомашЗакв;1;31.39
27.01.2025 12:52;DzoxSJrZzXA;Траш;АРТ.№ 493492 Булоч250КиївХлМалят;1;22.49
27.01.2025 12:52;DzoxSJrZzXA;Траш;АРТ.№ 536075 Бл3*50BrefЛимСвАкц;1;113
27.01.2025 12:52;DzoxSJrZzXA;Траш;АРТ.№ 890522 Серветки150ПЧМіксПЕ;1;29.99
27.01.2025 12:52;DzoxSJrZzXA;Траш;АРТ.№ 952917 ГубкаБанFinoАфродіта;1;47.99
29.01.2025 16:09;111777;АТБ;АРТ.№ 33 Пакет п/е 34х55 без/уп;1;4.6
29.01.2025 16:09;111777;АТБ;АРТ.№ 631 Філе курчат-бройлерів Чебатурочка охолоджене газ;0.599;199.99
29.01.2025 16:09;111777;АТБ;АРТ.№ 631 Філе курчат-бройлерів Чебатурочка охолоджене газ;0.501;199.99
29.01.2025 16:09;111777;АТБ;АРТ.№ 37 Засіб для миття посуду 0,5кг WASH&FREE екстракт;1;28.6
29.01.2025 16:09;111777;АТБ;АРТ.№ 179 Булочки 250 г Київхліб Малятко 1г п/ет;1;19.9
29.01.2025 16:09;111777;АТБ;АРТ.№ 632 Масло 180 г Комо солодковершкове безлактозне 73%;3;86.9
29.01.2025 16:09;111777;АТБ;АРТ.№ 148 Чай 100 г De Luxe Foods&Goods Selected чорний це;1;55.9
29.01.2025 16:09;111777;АТБ;АРТ.№ 130 Сода 0,5кг Розумний вибір харчова м/уп;1;26.9
29.01.2025 16:09;111777;АТБ;АРТ.№ 453 Чай 100 г SHERLOCK Sekrets Classic Bergamot чорн;2;77.5
29.01.2025 16:09;111777;АТБ;АРТ.№ 633 Прокладки гігієнічні 10 шт Libresse Ultra Goodni;1;47.6
31.01.2025 17:49;87z0PqRj9Vc ;Фора;АРТ.№ 967154 Макар500DobLingЛінг;1;49.9
31.01.2025 17:49;87z0PqRj9Vc ;Фора;АРТ.№ 32485 БананКг;1.196;59.9
31.01.2025 17:49;87z0PqRj9Vc ;Фора;АРТ.№ 959754 Бат250КиївхлПшенНар;1;16.9
31.01.2025 17:49;87z0PqRj9Vc ;Фора;АРТ.№ 538208 АвокадоШтReadyToEat;1;79.9
31.01.2025 17:49;87z0PqRj9Vc ;Фора;АРТ.№ 759416 Шпинат75Бебі;1;64.9
31.01.2025 17:49;87z0PqRj9Vc ;Фора;АРТ.№ 712119 Тіст360БККЗаварКрем;1;146.9
31.01.2025 17:49;87z0PqRj9Vc ;Фора;АРТ.№ 913220 Сир180КислЯготин9%;2;35.9
;;;;;
;;;;;
;;;;;
;;;;;
;;;;;
;;;;;
;;;;;
;;;;;
;;;;;
;;;;;
;;;;;
;;;;;
;;;;;
;;;;;
;;;;;
;;;;;
;;;;;
;;;;;
;;;;;
;;;;;
;;;;;
;;;;;
;;;;;
;;;;;
;;;;;
;;;;;
;;;;;
;;;;;
;;;;;
;;;;;
;;;;;
;;;;;
;;;;;
;;;;;
;;;;;
;;;;;
;;;;;
;;;;;
;;;;;
;;;;;
;;;;;
;;;;;
;;;;;
;;;;;
;;;;;
;;;;;
;;;;;
;;;;;
;;;;;
;;;;;
;;;;;
;;;;;
;;;;;
;;;;;
;;;;;
;;;;;
;;;;;
;;;;;
;;;;;
;;;;;
;;;;;
;;;;;
;;;;;
;;;;;
;;;;;
;;;;;
;;;;;
;;;;;
;;;;;
;;;;;
;;;;;
;;;;;
;;;;;
;;;;;
;;;;;
;;;;;
;;;;;
;;;;;
;;;;;
;;;;;
;;;;;
;;;;;
;;;;;
;;;;;
;;;;;
;;;;;
;;;;;
;;;;;
;;;;;
;;;;;
;;;;;
;;;;;
;;;;;
;;;;;
;;;;;
;;;;;
;;;;;
;;;;;
;;;;;
;;;;;
;;;;;
;;;;;
;;;;;
;;;;;
;;;;;
;;;;;
;;;;;
;;;;;
;;;;;
;;;;;
;;;;;
;;;;;
;;;;;
;;;;;
;;;;;
;;;;;
;;;;;
;;;;;
;;;;;
;;;;;
;;;;;
;;;;;
;;;;;
;;;;;
;;;;;
;;;;;
;;;;;
;;;;;
;;;;;
;;;;;
;;;;;
;;;;;
;;;;;
;;;;;
;;;;;
;;;;;
;;;;;
;;;;;
;;;;;
;;;;;
;;;;;
;;;;;
;;;;;
;;;;;
;;;;;
;;;;;
;;;;;
;;;;;
;;;;;
;;;;;
;;;;;
;;;;;
;;;;;
;;;;;
;;;;;
;;;;;
;;;;;
;;;;;
;;;;;
;;;;;
;;;;;
;;;;;
;;;;;
;;;;;
;;;;;
;;;;;
;;;;;
;;;;;
;;;;;
;;;;;
;;;;;
;;;;;
;;;;;
;;;;;
;;;;;
;;;;;
;;;;;
;;;;;
;;;;;
;;;;;
;;;;;
;;;;;
;;;;;
;;;;;
;;;;;
;;;;;
;;;;;
;;;;;
;;;;;
;;;;;
;;;;;
;;;;;
;;;;;
;;;;;
;;;;;
;;;;;
;;;;;
;;;;;
;;;;;
;;;;;
;;;;;
;;;;;
;;;;;
;;;;;
;;;;;
;;;;;
;;;;;
;;;;;
;;;;;
;;;;;
;;;;;
;;;;;
;;;;;
;;;;;
;;;;;
;;;;;
;;;;;
;;;;;
;;;;;
;;;;;
;;;;;
;;;;;
;;;;;
;;;;;
;;;;;
;;;;;
;;;;;
;;;;;
;;;;;
;;;;;
;;;;;
;;;;;
;;;;;
;;;;;
;;;;;
;;;;;
;;;;;
;;;;;
;;;;;
;;;;;
;;;;;
;;;;;
;;;;;
;;;;;
;;;;;
;;;;;
;;;;;
;;;;;
;;;;;
;;;;;
;;;;;
;;;;;
;;;;;
;;;;;
;;;;;
;;;;;
;;;;;
;;;;;
;;;;;
;;;;;
;;;;;
;;;;;
;;;;;
;;;;;
;;;;;
;;;;;
;;;;;
;;;;;
;;;;;
;;;;;
;;;;;
;;;;;
;;;;;
;;;;;
;;;;;
;;;;;
;;;;;
;;;;;
;;;;;
;;;;;
;;;;;
;;;;;
;;;;;
;;;;;
;;;;;
;;;;;
;;;;;
;;;;;
;;;;;
;;;;;
;;;;;
;;;;;
;;;;;
;;;;;
;;;;;
;;;;;
;;;;;
;;;;;
;;;;;
;;;;;
;;;;;
;;;;;
;;;;;
;;;;;
;;;;;
;;;;;
;;;;;
;;;;;
;;;;;
;;;;;
;;;;;
;;;;;
;;;;;
;;;;;
;;;;;
;;;;;
;;;;;
;;;;;
;;;;;
;;;;;
;;;;;
;;;;;
;;;;;
;;;;;
;;;;;
;;;;;
;;;;;
;;;;;
;;;;;
;;;;;
;;;;;
;;;;;
;;;;;
;;;;;
;;;;;
;;;;;
;;;;;
;;;;;
;;;;;
;;;;;
;;;;;
;;;;;
;;;;;
;;;;;
;;;;;
;;;;;
;;;;;
;;;;;
;;;;;
;;;;;
;;;;;
;;;;;
;;;;;
;;;;;
;;;;;
;;;;;
;;;;;
;;;;;
;;;;;
;;;;;
;;;;;
;;;;;
;;;;;
;;;;;
;;;;;
;;;;;
;;;;;
;;;;;
;;;;;
;;;;;
;;;;;
;;;;;
;;;;;
;;;;;
;;;;;
;;;;;
;;;;;
;;;;;
;;;;;
;;;;;
;;;;;
;;;;;
;;;;;
;;;;;
;;;;;
;;;;;
;;;;;
;;;;;
;;;;;
;;;;;
;;;;;
;;;;;
;;;;;
;;;;;
;;;;;
;;;;;
;;;;;
;;;;;
;;;;;
;;;;;
;;;;;
;;;;;
;;;;;
;;;;;
;;;;;
;;;;;
;;;;;
;;;;;
;;;;;
;;;;;
;;;;;
;;;;;
;;;;;
;;;;;
;;;;;
;;;;;
;;;;;
;;;;;
;;;;;
;;;;;
;;;;;
;;;;;
;;;;;
;;;;;
;;;;;
;;;;;
;;;;;
;;;;;
;;;;;
;;;;;
;;;;;
;;;;;
;;;;;
;;;;;
;;;;;
;;;;;
;;;;;
;;;;;
;;;;;
;;;;;
;;;;;
;;;;;
;;;;;
;;;;;
;;;;;
;;;;;
;;;;;
;;;;;
;;;;;
;;;;;
;;;;;
;;;;;
;;;;;
;;;;;
;;;;;
;;;;;
;;;;;
;;;;;
;;;;;
;;;;;
;;;;;
;;;;;
;;;;;
;;;;;
;;;;;
;;;;;
;;;;;
;;;;;
;;;;;
;;;;;
;;;;;
;;;;;
;;;;;
;;;;;
;;;;;
;;;;;
;;;;;
;;;;;
;;;;;
;;;;;
;;;;;
;;;;;
;;;;;
;;;;;
;;;;;
;;;;;
;;;;;
;;;;;
;;;;;
;;;;;
;;;;;
;;;;;
;;;;;
;;;;;
;;;;;
;;;;;
;;;;;
;;;;;
;;;;;
;;;;;
;;;;;
;;;;;
;;;;;
;;;;;
;;;;;
;;;;;
;;;;;
;;;;;
;;;;;
;;;;;
;;;;;
;;;;;
;;;;;
;;;;;
;;;;;
;;;;;
;;;;;
;;;;;
;;;;;
;;;;;
;;;;;
;;;;;
;;;;;
;;;;;
;;;;;
;;;;;
;;;;;
;;;;;
;;;;;
;;;;;
;;;;;
;;;;;
;;;;;
;;;;;
;;;;;
;;;;;
;;;;;
;;;;;
;;;;;
;;;;;
;;;;;
;;;;;
;;;;;
;;;;;
;;;;;
;;;;;
;;;;;
;;;;;
;;;;;
;;;;;
;;;;;
;;;;;
;;;;;
;;;;;
;;;;;
;;;;;
;;;;;
;;;;;
;;;;;
;;;;;
;;;;;
;;;;;
;;;;;
;;;;;
;;;;;
;;;;;
;;;;;
;;;;;
;;;;;
;;;;;
;;;;;
;;;;;
;;;;;
;;;;;
;;;;;
;;;;;
;;;;;
;;;;;
;;;;;
;;;;;
;;;;;
;;;;;
;;;;;
;;;;;
;;;;;
;;;;;
;;;;;
;;;;;
;;;;;
;;;;;
;;;;;
;;;;;
;;;;;
;;;;;
;;;;;
;;;;;
;;;;;
;;;;;
;;;;;
;;;;;
;;;;;
;;;;;
;;;;;
;;;;;
;;;;;
;;;;;
;;;;;
;;;;;
;;;;;
;;;;;
;;;;;
;;;;;
;;;;;
;;;;;
;;;;;
;;;;;
;;;;;
;;;;;
;;;;;
;;;;;
;;;;;
;;;;;
;;;;;
;;;;;
;;;;;
;;;;;
;;;;;
;;;;;
;;;;;
;;;;;
;;;;;
;;;;;
;;;;;
;;;;;
;;;;;
;;;;;
;;;;;
;;;;;
;;;;;
;;;;;
;;;;;
;;;;;
;;;;;
;;;;;
;;;;;
;;;;;
;;;;;
;;;;;
;;;;;
;;;;;
;;;;;
;;;;;
;;;;;
;;;;;
;;;;;
;;;;;
;;;;;
;;;;;
;;;;;
;;;;;
;;;;;
;;;;;
;;;;;
;;;;;
;;;;;
;;;;;
;;;;;
;;;;;
;;;;;
;;;;;
;;;;;
;;;;;
;;;;;
;;;;;
;;;;;
